Date,^NSEBANK,MODEFENCE.NS,^CNXCMDT,^CNXMNC,OILIETF.NS,^CNXINFRA,NIFTYMIDCAP150.NS,^CNXREALTY,^CRSLDX,^CNXIT,^CNXFMCG,^CNXPSUBANK,HDFCPVTBAN.NS,MOCAPITAL.NS,HDFCSML250.NS,CPSEETF.NS,^CNXCONSUM,^CNXSERVICE,^NSMIDCP,^CNXMEDIA,^CNXMETAL,^CNXPHARMA,NIFTY_FIN_SERVICE.NS,MOTOUR.NS,^CNXAUTO,^NSEI,^CNXENERGY
2024-09-23,54105.80078125,73.6500015258789,,,12.819999694824219,,22423.69921875,,24379.19921875,41987.44921875,,,27.399999618530273,,186.8000030517578,99.54000091552734,,,76707.5,,,23134.25,,,,25939.05078125,
2024-09-24,53968.6015625,73.76000213623047,,,12.880000114440918,,22493.5,,24389.69921875,42243.94921875,,,27.360000610351562,,186.77000427246094,100.69000244140625,,,76803.796875,,,23188.400390625,,,,25940.400390625,
2024-09-25,54101.6484375,73.69000244140625,,,12.859999656677246,,22357.400390625,,24371.25,41960.94921875,,,27.40999984741211,,185.97000122070312,101.55999755859375,,,76517.3984375,,,23249.0,,,,26004.150390625,
2024-09-26,54375.3515625,73.41000366210938,,,12.920000076293945,,22367.849609375,,24496.900390625,42160.8984375,,,27.5,,185.58999633789062,101.30999755859375,,,77086.953125,,,23250.900390625,,,,26216.05078125,
2024-09-27,53834.30078125,73.2699966430664,,,13.180000305175781,,22360.849609375,,24489.55078125,42312.6015625,,,27.350000381469727,,186.19000244140625,101.79000091552734,,,77813.25,,,23519.099609375,,,,26178.94921875,
2024-09-30,52978.1015625,73.02999877929688,,,13.140000343322754,,22311.94921875,,24245.19921875,41946.1015625,,,26.8799991607666,,184.75999450683594,101.3499984741211,,,77095.1484375,,,23281.19921875,,,,25810.849609375,
2024-10-01,52922.6015625,72.63999938964844,,,13.069999694824219,,22379.75,,24271.30078125,42434.80078125,,,26.860000610351562,,186.4199981689453,100.94000244140625,,,77284.453125,,,23296.55078125,,,,25796.900390625,
2024-10-03,51845.19921875,71.77999877929688,,,12.829999923706055,,21904.69921875,,23755.44921875,41762.6015625,,,26.530000686645508,,184.1699981689453,99.58999633789062,,,75448.296875,,,23178.75,,,,25250.099609375,
2024-10-04,51462.05078125,70.66999816894531,,,12.710000038146973,,21710.599609375,,23534.94921875,41912.5,,,26.059999465942383,,183.0,99.0199966430664,,,74620.25,,,23094.69921875,,,,25014.599609375,
2024-10-07,50478.8984375,68.58999633789062,,,12.479999542236328,,21264.5,,23181.94921875,42190.6015625,,,25.969999313354492,,177.86000061035156,95.94000244140625,,,72884.296875,,,22977.80078125,,,,24795.75,
2024-10-08,51021.0,71.27999877929688,,,12.4399995803833,,21685.650390625,,23512.55078125,42387.55078125,,,25.719999313354492,,179.82000732421875,97.18000030517578,,,74597.296875,,,23307.94921875,,,,25013.150390625,
2024-10-09,51007.0,72.0,,,12.34000015258789,,21918.30078125,,23599.599609375,42622.75,,,25.719999313354492,,181.94000244140625,97.27999877929688,,,75407.796875,,,23783.80078125,,,,24981.94921875,
2024-10-10,51530.8984375,73.87000274658203,,,12.34000015258789,,21885.650390625,,23598.150390625,42088.80078125,,,26.149999618530273,,182.3800048828125,98.0,,,75278.1015625,,,23305.150390625,,,,24998.44921875,
2024-10-11,51172.30078125,73.63999938964844,,,12.390000343322754,,21979.150390625,,23611.25,42335.69921875,,,26.020000457763672,,183.0500030517578,97.91999816894531,,,75378.453125,,,23582.25,,,,24964.25,
2024-10-14,51816.8984375,73.11000061035156,,,12.380000114440918,,22058.80078125,,23727.05078125,42872.75,,,26.229999542236328,,183.6699981689453,97.87000274658203,,,75651.703125,,,23680.0,,,,25127.94921875,
2024-10-15,51906.0,74.36000061035156,,,12.34000015258789,,22128.650390625,,23735.69921875,42731.30078125,,,26.239999771118164,,184.92999267578125,97.51000213623047,,,75859.8515625,,,23555.69921875,,,,25057.349609375,
2024-10-16,51801.05078125,74.19999694824219,,,12.350000381469727,,22085.099609375,,23673.150390625,42230.69921875,,,26.170000076293945,,185.85000610351562,96.87000274658203,,,75698.1484375,,,23467.349609375,,,,24971.30078125,
2024-10-17,51288.80078125,72.63999938964844,,,12.210000038146973,,21718.5,,23377.0,42734.3515625,,,25.809999465942383,,183.58999633789062,96.05000305175781,,,74007.203125,,,23254.0,,,,24749.849609375,
2024-10-18,52094.19921875,73.08999633789062,,,12.1899995803833,,21755.650390625,,23440.69921875,42106.5,,,26.239999771118164,,183.38999938964844,96.69000244140625,,,74288.1015625,,,23356.19921875,,,,24854.05078125,
2024-10-21,51962.69921875,72.58000183105469,,,12.039999961853027,,21429.900390625,,23263.25,41562.69921875,,,25.979999542236328,,180.6699981689453,95.58000183105469,,,73285.3515625,,,23122.69921875,,,,24781.099609375,
2024-10-22,51257.1484375,68.94999694824219,,,11.760000228881836,,20879.44921875,,22814.44921875,41238.80078125,,,25.950000762939453,,174.25,92.93000030517578,,,71158.6484375,,,22828.19921875,,,,24472.099609375,
2024-10-23,51239.0,68.41000366210938,,,11.710000038146973,,20985.25,,22841.099609375,42222.1015625,,,25.739999771118164,,175.44000244140625,92.25,,,70884.703125,,,22471.599609375,,,,24435.5,
2024-10-24,51531.1484375,67.87000274658203,,,11.720000267028809,,20932.75,,22787.849609375,42139.8515625,,,25.850000381469727,,174.8699951171875,92.8499984741211,,,70826.25,,,22570.80078125,,,,24399.400390625,
2024-10-25,50787.44921875,66.88999938964844,,,11.420000076293945,,20563.69921875,,22499.05078125,42038.8515625,,,25.489999771118164,,170.7899932861328,90.76000213623047,,,69716.5,,,22574.55078125,,,,24180.80078125,
2024-10-28,51259.30078125,66.76000213623047,,,11.4399995803833,,20695.55078125,,22649.94921875,42205.3984375,,,25.610000610351562,,172.52000427246094,90.16999816894531,,,70030.546875,,,22857.25,,,,24339.150390625,
2024-10-29,52320.69921875,68.06999969482422,,,11.510000228881836,,20867.400390625,,22795.05078125,42031.44921875,,,25.969999313354492,,173.6300048828125,91.77999877929688,,,70538.3515625,,,22601.400390625,,,,24466.849609375,
2024-10-30,51807.5,69.66999816894531,,,11.4399995803833,,20916.69921875,,22749.80078125,41668.6015625,,,25.760000228881836,,175.82000732421875,91.9000015258789,,,70268.3515625,,,22374.94921875,,,,24340.849609375,
2024-10-31,51475.3515625,69.62000274658203,,,11.40999984741211,,20876.69921875,,22689.349609375,40407.55078125,,,25.510000228881836,,178.22000122070312,92.18000030517578,,,69911.75,,,22735.55078125,,,,24205.349609375,
2024-11-01,51673.8984375,69.62000274658203,,,11.40999984741211,,21021.099609375,,22823.55078125,40433.6484375,,,25.510000228881836,,178.22000122070312,92.18000030517578,,,70400.75,,,22807.150390625,,,,24304.349609375,
2024-11-04,51215.25,68.55000305175781,,,11.229999542236328,,20767.400390625,,22518.30078125,40421.80078125,,,25.290000915527344,,175.4600067138672,91.33000183105469,,,69418.25,,,22638.30078125,,,,23995.349609375,
2024-11-05,52207.25,68.94000244140625,,,11.3100004196167,,20862.099609375,,22679.849609375,40424.6015625,,,25.799999237060547,,177.7899932861328,92.02999877929688,,,69797.453125,,,22661.25,,,,24213.30078125,
2024-11-06,52317.3984375,71.44999694824219,,,11.600000381469727,,21298.5,,23031.19921875,42039.5,,,25.8700008392334,,181.30999755859375,93.9000015258789,,,71389.796875,,,22920.349609375,,,,24484.05078125,
2024-11-07,51916.5,71.04000091552734,,,11.5,,21194.849609375,,22806.25,41752.3984375,,,25.600000381469727,,180.0800018310547,93.16999816894531,,,70639.8984375,,,22526.94921875,,,,24199.349609375,
2024-11-08,51561.19921875,69.8499984741211,,,11.300000190734863,,20919.900390625,,22645.650390625,42050.1484375,,,25.75,,177.5800018310547,91.95999908447266,,,69774.203125,,,22542.25,,,,24148.19921875,
2024-11-11,51876.75,69.75,,,11.210000038146973,,20749.94921875,,22591.400390625,42590.30078125,,,25.65999984741211,,175.42999267578125,91.81999969482422,,,69973.75,,,22344.25,,,,24141.30078125,
2024-11-12,51157.80078125,68.2300033569336,,,11.109999656677246,,20560.599609375,,22331.05078125,42609.55078125,,,25.3799991607666,,174.35000610351562,90.08999633789062,,,68448.8984375,,,22151.599609375,,,,23883.44921875,
2024-11-13,50088.3515625,65.66000366210938,,,10.949999809265137,,20010.75,,21914.94921875,42369.5,,,24.84000015258789,,168.3300018310547,88.44000244140625,,,67101.453125,,,21809.30078125,,,,23559.05078125,
2024-11-14,50179.55078125,66.2699966430664,,,10.899999618530273,,20105.25,,21963.099609375,42390.8515625,,,25.040000915527344,,169.14999389648438,88.16000366210938,,,67408.6484375,,,21752.0,,,,23532.69921875,
2024-11-18,50363.80078125,65.6500015258789,,,10.710000038146973,,20068.55078125,,21899.400390625,41406.55078125,,,24.8700008392334,,167.91000366210938,87.58999633789062,,,67472.0,,,21544.150390625,,,,23453.80078125,
2024-11-19,50626.5,66.58000183105469,,,10.670000076293945,,20258.099609375,,22004.349609375,41748.3515625,,,25.020000457763672,,169.27999877929688,88.43000030517578,,,67775.5,,,21768.849609375,,,,23518.5,
2024-11-21,50372.8984375,65.75,,,10.529999732971191,,20180.900390625,,21820.849609375,41952.80078125,,,25.139999389648438,,168.5399932861328,87.83999633789062,,,66765.453125,,,21740.099609375,,,,23349.900390625,
2024-11-22,51135.3984375,66.55000305175781,,,10.729999542236328,,20412.650390625,,22225.55078125,43332.1015625,,,25.299999237060547,,170.1999969482422,89.76000213623047,,,68016.8515625,,,21962.05078125,,,,23907.25,
2024-11-25,52207.5,68.55000305175781,,,11.050000190734863,,20725.69921875,,22553.5,43618.1484375,,,25.739999771118164,,173.72999572753906,92.08999633789062,,,69342.703125,,,22177.05078125,,,,24221.900390625,
2024-11-26,52191.5,70.08999633789062,,,11.0,,20735.099609375,,22562.44921875,44085.94921875,,,25.700000762939453,,174.80999755859375,91.33000183105469,,,69522.25,,,21961.75,,,,24194.5,
2024-11-27,52301.80078125,72.19999694824219,,,11.050000190734863,,20838.19921875,,22691.69921875,44018.69921875,,,25.829999923706055,,176.2100067138672,92.25,,,70185.3984375,,,21828.599609375,,,,24274.900390625,
2024-11-28,51906.8515625,73.33000183105469,,,11.029999732971191,,20839.900390625,,22514.349609375,42968.75,,,25.6200008392334,,176.02000427246094,91.52999877929688,,,70254.25,,,21728.599609375,,,,23914.150390625,
2024-11-29,52055.6015625,73.37999725341797,,,11.149999618530273,,20906.650390625,,22687.0,43146.25,,,25.559999465942383,,177.5800018310547,91.62999725341797,,,70726.8515625,,,22240.19921875,,,,24131.099609375,
2024-12-02,52109.0,73.5199966430664,,,11.1899995803833,,21105.94921875,,22835.849609375,43547.0,,,25.59000015258789,,179.1300048828125,91.54000091552734,,,71164.3515625,,,22450.19921875,,,,24276.05078125,
2024-12-03,52695.75,74.04000091552734,,,11.319999694824219,,21291.349609375,,23020.849609375,43754.94921875,,,25.850000381469727,,180.86000061035156,92.58000183105469,,,71890.75,,,22445.69921875,,,,24457.150390625,
2024-12-04,53266.8984375,75.08000183105469,,,11.289999961853027,,21485.150390625,,23099.5,43949.25,,,26.0,,182.3699951171875,92.44999694824219,,,72244.8515625,,,22422.900390625,,,,24467.44921875,
2024-12-05,53603.55078125,75.41999816894531,,,11.34000015258789,,21577.650390625,,23277.94921875,44806.3984375,,,26.229999542236328,,182.72000122070312,92.52999877929688,,,72487.046875,,,22463.400390625,,,,24708.400390625,
2024-12-06,53509.5,75.66000366210938,,,11.380000114440918,,21665.400390625,,23312.099609375,44716.05078125,,,26.309999465942383,,184.14999389648438,92.66999816894531,,,73040.3984375,,,22434.75,,,,24677.80078125,
2024-12-09,53407.75,75.91999816894531,,,11.329999923706055,,21748.5,,23292.0,44832.0,,,26.239999771118164,,185.02999877929688,92.5,,,72708.1015625,,,22309.099609375,,,,24619.0,
2024-12-10,53577.69921875,75.79000091552734,,,11.289999961853027,,21809.099609375,,23314.900390625,45199.75,,,26.15999984741211,,184.92999267578125,92.2699966430664,,,73096.453125,,,22291.44921875,,,,24610.05078125,
2024-12-11,53391.3515625,76.0999984741211,,,11.289999961853027,,21879.55078125,,23358.150390625,45350.3515625,,,26.139999389648438,,186.00999450683594,92.16999816894531,,,73292.1484375,,,22302.599609375,,,,24641.80078125,
2024-12-12,53216.44921875,76.0199966430664,,,11.180000305175781,,21770.05078125,,23256.400390625,45701.6484375,,,26.1200008392334,,184.32000732421875,91.44000244140625,,,73082.6015625,,,22229.30078125,,,,24548.69921875,
2024-12-13,53583.80078125,75.7699966430664,,,11.239999771118164,,21748.099609375,,23358.94921875,45995.80078125,,,26.219999313354492,,183.8000030517578,91.62999725341797,,,72965.953125,,,22157.349609375,,,,24768.30078125,
2024-12-16,53581.3515625,76.70999908447266,,,11.15999984741211,,21898.80078125,,23352.44921875,45653.6015625,,,26.209999084472656,,184.52000427246094,91.33999633789062,,,73155.6015625,,,22255.55078125,,,,24668.25,
2024-12-17,52834.80078125,76.91000366210938,,,10.979999542236328,,21754.099609375,,23095.75,45413.75,,,25.90999984741211,,183.0399932861328,90.22000122070312,,,72188.0,,,22074.55078125,,,,24336.0,
2024-12-18,52139.55078125,75.08000183105469,,,10.890000343322754,,21623.099609375,,22934.400390625,45526.8515625,,,25.540000915527344,,182.17999267578125,88.37000274658203,,,71250.0,,,22314.55078125,,,,24198.849609375,
2024-12-19,51575.69921875,74.18000030517578,,,10.850000381469727,,21571.30078125,,22752.150390625,44954.19921875,,,25.530000686645508,,181.55999755859375,87.69000244140625,,,70625.703125,,,22697.900390625,,,,23951.69921875,
2024-12-20,50759.19921875,72.13999938964844,,,10.6899995803833,,21050.599609375,,22319.400390625,43771.05078125,,,24.959999084472656,,178.22999572753906,85.80999755859375,,,68702.6484375,,,22501.849609375,,,,23587.5,
2024-12-23,51317.6015625,71.80999755859375,,,10.760000228881836,,21076.150390625,,22412.30078125,43828.3515625,,,25.059999465942383,,177.3000030517578,85.80999755859375,,,68888.953125,,,22572.05078125,,,,23753.44921875,
2024-12-24,51233.0,72.37000274658203,,,10.8100004196167,,21080.69921875,,22402.69921875,43668.8984375,,,25.209999084472656,,177.38999938964844,85.58999633789062,,,68857.25,,,22558.900390625,,,,23727.650390625,
2024-12-26,51170.69921875,72.33999633789062,,,10.829999923706055,,21096.849609375,,22430.349609375,43664.25,,,25.079999923706055,,177.4499969482422,85.87999725341797,,,69165.8515625,,,22712.55078125,,,,23750.19921875,
2024-12-27,51311.30078125,72.41000366210938,,,10.75,,21071.849609375,,22445.19921875,43721.3984375,,,25.280000686645508,,178.27000427246094,85.45999908447266,,,68557.1484375,,,23008.349609375,,,,23813.400390625,
2024-12-30,50952.75,70.9800033569336,,,10.649999618530273,,21109.25,,22357.150390625,43971.44921875,,,25.030000686645508,,177.39999389648438,84.36000061035156,,,68063.796875,,,23241.150390625,,,,23644.900390625,
2024-12-31,50860.19921875,71.13999938964844,,,10.8100004196167,,21141.19921875,,22375.400390625,43337.80078125,,,25.049999237060547,,178.66000366210938,85.29000091552734,,,67988.3515625,,,23412.25,,,,23644.80078125,
2025-01-01,51060.6015625,71.66000366210938,,,10.789999961853027,,21246.5,,22375.400390625,43373.1015625,,,25.219999313354492,,180.32000732421875,85.63999938964844,,,68247.953125,,,23459.75,,,,23742.900390625,
2025-01-02,51605.55078125,72.08999633789062,,,10.9399995803833,,21473.150390625,,22819.75,44351.75,,,25.479999542236328,,181.2100067138672,87.19000244140625,,,69103.6015625,,,23553.400390625,,,,24188.650390625,
2025-01-03,50988.80078125,72.08000183105469,,,11.100000381469727,,21419.30078125,,22708.150390625,43726.55078125,,,25.31999969482422,,180.91000366210938,87.98999786376953,,,69192.453125,,,23263.5,,,,24004.75,
2025-01-06,49922.0,69.48999786376953,,,10.770000457763672,,20879.650390625,,22225.400390625,43674.8515625,,,25.06999969482422,,175.60000610351562,85.23999786376953,,,66996.796875,,,23073.05078125,,,,23616.05078125,
2025-01-07,50202.1484375,70.91000366210938,,,10.930000305175781,,21060.80078125,,22341.650390625,43375.8515625,,,24.809999465942383,,177.5800018310547,85.83000183105469,,,66938.8984375,,,23228.55078125,,,,23707.900390625,
2025-01-08,49835.05078125,69.9800033569336,,,11.109999656677246,,20840.30078125,,22231.80078125,43634.25,,,24.850000381469727,,175.6300048828125,86.08999633789062,,,66402.6015625,,,23011.099609375,,,,23688.94921875,
2025-01-09,49503.5,70.08999633789062,,,10.890000343322754,,20674.25,,22046.55078125,43126.44921875,,,24.81999969482422,,173.63999938964844,85.01000213623047,,,65557.203125,,,22868.099609375,,,,23526.5,
2025-01-10,48734.1484375,68.58999633789062,,,10.789999961853027,,20252.94921875,,21799.0,44609.5,,,24.209999084472656,,169.50999450683594,83.05999755859375,,,64257.1015625,,,22380.849609375,,,,23431.5,
2025-01-13,48041.25,64.69999694824219,,,10.520000457763672,,19458.30078125,,21243.44921875,43999.1015625,,,24.09000015258789,,163.07000732421875,80.2699966430664,,,61481.55078125,,,21903.349609375,,,,23085.94921875,
2025-01-14,48729.1484375,66.61000061035156,,,10.6899995803833,,19883.349609375,,21481.05078125,43061.19921875,,,24.299999237060547,,165.2899932861328,82.47000122070312,,,63084.1015625,,,22203.900390625,,,,23176.05078125,
2025-01-15,48751.69921875,66.73999786376953,,,10.6899995803833,,19955.400390625,,21551.19921875,43401.25,,,24.360000610351562,,166.0399932861328,83.29000091552734,,,63639.55078125,,,21972.69921875,,,,23213.19921875,
2025-01-16,49278.69921875,68.25,,,10.779999732971191,,20172.650390625,,21714.55078125,43188.8515625,,,24.40999984741211,,168.30999755859375,84.55000305175781,,,64564.5,,,21909.75,,,,23311.80078125,
2025-01-17,48540.6015625,70.16999816894531,,,10.9399995803833,,20195.900390625,,21680.25,42032.19921875,,,24.010000228881836,,168.19000244140625,85.8499984741211,,,65053.6015625,,,22061.69921875,,,,23203.19921875,
2025-01-20,49350.80078125,71.61000061035156,,,10.989999771118164,,20350.900390625,,21809.0,42192.80078125,,,24.59000015258789,,169.47000122070312,86.93000030517578,,,65106.1484375,,,22182.400390625,,,,23344.75,
2025-01-21,48570.8984375,69.75,,,10.890000343322754,,19946.30078125,,21433.19921875,41697.94921875,,,24.270000457763672,,165.9199981689453,85.80999755859375,,,63406.1484375,,,21882.900390625,,,,23024.650390625,
2025-01-22,48724.3984375,67.27999877929688,,,10.8100004196167,,19696.900390625,,21396.55078125,42590.69921875,,,24.31999969482422,,163.17999267578125,84.2699966430664,,,62865.6015625,,,22034.94921875,,,,23155.349609375,
2025-01-23,48589.0,68.05999755859375,,,10.760000228881836,,20047.94921875,,21538.05078125,43351.75,,,24.209999084472656,,163.77999877929688,84.51000213623047,,,63499.75,,,22343.30078125,,,,23205.349609375,
2025-01-24,48367.80078125,66.9800033569336,,,10.529999732971191,,19708.94921875,,21318.900390625,43524.1015625,,,24.09000015258789,,161.0500030517578,83.69000244140625,,,62494.0,,,21872.400390625,,,,23092.19921875,
2025-01-27,48064.6484375,64.48999786376953,,,10.300000190734863,,19152.099609375,,20910.94921875,42060.69921875,,,23.940000534057617,,155.1199951171875,81.73999786376953,,,60730.8984375,,,21292.30078125,,,,22829.150390625,
2025-01-28,48866.8515625,63.939998626708984,,,10.239999771118164,,19019.099609375,,20924.75,41820.6484375,,,24.219999313354492,,152.07000732421875,80.72000122070312,,,60912.1015625,,,20796.599609375,,,,22957.25,
2025-01-29,49165.94921875,65.81999969482422,,,10.3100004196167,,19481.75,,21245.5,42914.5,,,24.489999771118164,,157.10000610351562,82.19000244140625,,,62142.1484375,,,21163.900390625,,,,23163.099609375,
2025-01-30,49311.94921875,67.33999633789062,,,10.449999809265137,,19514.25,,21297.5,42426.6484375,,,24.600000381469727,,156.91000366210938,83.87999725341797,,,62193.1484375,,,21419.650390625,,,,23249.5,
2025-01-31,49587.19921875,70.08999633789062,,,10.630000114440918,,19850.94921875,,21580.900390625,42662.75,,,24.729999542236328,,159.88999938964844,86.48999786376953,,,63127.3515625,,,21438.599609375,,,,23508.400390625,
2025-02-01,49587.19921875,67.94000244140625,,,10.520000457763672,,19850.94921875,,21580.900390625,42662.75,,,24.790000915527344,,160.49000549316406,83.81999969482422,,,63127.3515625,,,21438.599609375,,,,23482.150390625,
2025-02-03,49210.55078125,64.48999786376953,,,10.279999732971191,,19579.19921875,,21402.55078125,42314.25,,,24.540000915527344,,157.64999389648438,81.37999725341797,,,62634.19921875,,,21361.599609375,,,,23361.05078125,
2025-02-04,50157.94921875,65.81999969482422,,,10.520000457763672,,19849.150390625,,21727.44921875,42860.19921875,,,25.110000610351562,,159.52000427246094,83.44999694824219,,,63598.3515625,,,21733.94921875,,,,23739.25,
2025-02-05,50343.05078125,66.56999969482422,,,10.6899995803833,,19995.69921875,,21784.25,42888.30078125,,,25.09000015258789,,163.47000122070312,84.31999969482422,,,64012.80078125,,,21868.5,,,,23696.30078125,
2025-02-06,50382.1015625,65.4000015258789,,,10.649999618530273,,19793.75,,21672.44921875,43020.94921875,,,25.139999389648438,,161.8800048828125,82.94000244140625,,,63536.69921875,,,22009.05078125,,,,23603.349609375,
2025-02-07,50158.8515625,65.12000274658203,,,10.59000015258789,,19819.599609375,,21646.150390625,42921.6484375,,,25.139999389648438,,161.24000549316406,82.79000091552734,,,63552.19921875,,,22077.0,,,,23559.94921875,
2025-02-10,49981.0,64.44999694824219,,,10.420000076293945,,19406.94921875,,21371.30078125,42596.55078125,,,25.15999984741211,,157.7100067138672,80.62999725341797,,,62390.30078125,,,21665.650390625,,,,23381.599609375,
2025-02-11,49403.3984375,62.33000183105469,,,10.220000267028809,,18837.0,,20950.44921875,41968.30078125,,,24.90999984741211,,152.5399932861328,79.01000213623047,,,60827.80078125,,,21249.5,,,,23071.80078125,
2025-02-12,49479.44921875,61.599998474121094,,,10.140000343322754,,18766.849609375,,20907.849609375,41733.0,,,25.6200008392334,,151.41000366210938,78.37999725341797,,,60826.5,,,21142.05078125,,,,23045.25,
2025-02-13,49359.8515625,61.86000061035156,,,10.100000381469727,,18796.80078125,,20904.349609375,41315.55078125,,,25.010000228881836,,150.9600067138672,78.7699966430664,,,60947.75,,,21427.099609375,,,,23031.400390625,
2025-02-14,49099.44921875,59.689998626708984,,,9.960000038146973,,18346.80078125,,20633.099609375,41311.1484375,,,24.81999969482422,,146.02000427246094,76.5999984741211,,,59557.94921875,,,20811.55078125,,,,22929.25,
2025-02-17,49258.8984375,57.77000045776367,,,10.029999732971191,,18408.44921875,,20652.349609375,41073.19921875,,,24.81999969482422,,145.63999938964844,77.45999908447266,,,59446.55078125,,,21076.0,,,,22959.5,
2025-02-18,49087.30078125,56.16999816894531,,,10.069999694824219,,18375.849609375,,20611.400390625,41464.3515625,,,24.719999313354492,,143.52999877929688,78.12999725341797,,,59449.3984375,,,20969.19921875,,,,22945.30078125,
2025-02-19,49570.1015625,58.599998474121094,,,10.140000343322754,,18644.900390625,,20731.44921875,40924.25,,,25.0,,146.83999633789062,78.91999816894531,,,60156.3984375,,,20820.0,,,,22932.900390625,
2025-02-20,49334.55078125,59.34000015258789,,,10.270000457763672,,18888.80078125,,20831.099609375,40865.94921875,,,24.940000534057617,,148.69000244140625,80.8499984741211,,,61039.1015625,,,20785.75,,,,22913.150390625,
2025-02-21,48981.19921875,58.790000915527344,,,10.149999618530273,,18681.349609375,,20690.25,40544.55078125,,,24.739999771118164,,147.2899932861328,79.94999694824219,,,60466.80078125,,,20385.650390625,,,,22795.900390625,
2025-02-24,48651.94921875,58.68000030517578,,,10.0600004196167,,18503.900390625,,20468.44921875,39446.6015625,,,24.719999313354492,,145.9499969482422,78.91000366210938,,,59752.6015625,,,20389.69921875,,,,22553.349609375,
2025-02-25,48608.3515625,58.47999954223633,,,9.9399995803833,,18408.75,,20418.75,39131.30078125,,,24.68000030517578,,145.25,78.26000213623047,,,59312.5,,,20249.150390625,,,,22547.55078125,
2025-02-27,48743.80078125,57.7599983215332,,,9.899999618530273,,18176.849609375,,20315.55078125,38946.6484375,,,24.700000762939453,,142.66000366210938,77.70999908447266,,,58767.19921875,,,20201.25,,,,22545.05078125,
2025-02-28,48344.69921875,56.33000183105469,,,9.739999771118164,,17750.55078125,,19880.900390625,37318.30078125,,,24.610000610351562,,139.5500030517578,76.55999755859375,,,57063.05078125,,,19813.5,,,,22124.69921875,
2025-03-03,48114.30078125,57.119998931884766,,,9.619999885559082,,17778.55078125,,19896.94921875,37614.44921875,,,24.34000015258789,,138.44000244140625,76.83000183105469,,,57646.80078125,,,19879.80078125,,,,22119.30078125,
2025-03-04,48245.19921875,58.63999938964844,,,9.65999984741211,,17807.30078125,,19917.849609375,37276.94921875,,,24.360000610351562,,139.94000244140625,77.6500015258789,,,57966.8515625,,,19820.650390625,,,,22082.650390625,
2025-03-05,48489.94921875,60.150001525878906,,,9.890000343322754,,18240.150390625,,20256.5,38072.30078125,,,24.56999969482422,,143.80999755859375,80.11000061035156,,,59441.6484375,,,20126.80078125,,,,22337.30078125,
2025-03-06,48627.69921875,60.369998931884766,,,10.130000114440918,,18341.0,,20447.099609375,38145.30078125,,,24.649999618530273,,146.08999633789062,81.44999694824219,,,60114.3515625,,,20423.349609375,,,,22544.69921875,
2025-03-07,48497.5,62.279998779296875,,,10.180000305175781,,18290.599609375,,20443.400390625,37820.44921875,,,24.520000457763672,,146.91000366210938,81.04000091552734,,,59852.55078125,,,20378.30078125,,,,22552.5,
2025-03-10,48216.80078125,61.779998779296875,,,10.0,,18031.099609375,,20266.5,37644.3984375,,,24.440000534057617,,144.05999755859375,80.25,,,58972.0,,,20256.55078125,,,,22460.30078125,
2025-03-11,47853.94921875,61.5,,,10.140000343322754,,18106.900390625,,20302.5,37400.1015625,,,24.149999618530273,,143.16000366210938,80.80999755859375,,,59274.1015625,,,20332.099609375,,,,22497.900390625,
2025-03-12,48056.6484375,61.459999084472656,,,10.180000305175781,,18014.25,,20264.349609375,36310.6484375,,,24.31999969482422,,142.77999877929688,80.9800033569336,,,59277.55078125,,,20424.0,,,,22470.5,
2025-03-13,48060.3984375,62.099998474121094,,,10.100000381469727,,17902.0,,20176.05078125,36122.5,,,24.270000457763672,,141.8699951171875,81.23999786376953,,,58976.1015625,,,20386.849609375,,,,22397.19921875,
2025-03-17,48354.1484375,62.16999816894531,,,10.100000381469727,,18037.25,,20288.30078125,36137.19921875,,,24.440000534057617,,142.25999450683594,81.62000274658203,,,59406.6015625,,,20703.94921875,,,,22508.75,
2025-03-18,49314.5,62.16999816894531,,,10.100000381469727,,18408.400390625,,20657.19921875,36619.3515625,,,24.440000534057617,,142.25999450683594,81.62000274658203,,,60971.3984375,,,21041.30078125,,,,22834.30078125,
2025-03-19,49702.6015625,66.54000091552734,,,10.300000190734863,,18844.400390625,,20864.5,36223.5,,,25.049999237060547,,148.9600067138672,84.44000244140625,,,61953.44921875,,,21145.650390625,,,,22907.599609375,
2025-03-20,50062.8515625,67.6500015258789,,,10.449999809265137,,18948.44921875,,21070.05078125,36676.6484375,,,25.110000610351562,,149.8300018310547,84.91999816894531,,,62309.3515625,,,21340.599609375,,,,23190.650390625,
2025-03-21,50593.55078125,68.47000122070312,,,10.630000114440918,,19203.30078125,,21273.900390625,36702.80078125,,,25.450000762939453,,152.97999572753906,86.41999816894531,,,62855.8515625,,,21625.900390625,,,,23350.400390625,
2025-03-24,51704.94921875,70.91000366210938,,,10.779999732971191,,19418.30078125,,21538.099609375,37217.05078125,,,26.18000030517578,,154.72000122070312,88.2699966430664,,,63638.3984375,,,21771.150390625,,,,23658.349609375,
2025-03-25,51607.94921875,69.55999755859375,,,10.630000114440918,,19228.349609375,,21437.75,37706.8984375,,,26.190000534057617,,152.5,87.44000244140625,,,62703.75,,,21542.5,,,,23668.650390625,
2025-03-26,51209.0,70.0199966430664,,,10.5,,19106.650390625,,21275.44921875,37336.69921875,,,25.959999084472656,,150.6699981689453,86.36000061035156,,,62460.80078125,,,21360.599609375,,,,23486.849609375,
2025-03-27,51575.8515625,69.91999816894531,,,10.640000343322754,,19175.400390625,,21407.94921875,37548.30078125,,,26.030000686645508,,152.3000030517578,87.2699966430664,,,63442.55078125,,,21275.150390625,,,,23591.94921875,
2025-03-28,51564.8515625,71.0,,,10.630000114440918,,19120.349609375,,21339.55078125,36886.1484375,,,26.1200008392334,,152.07000732421875,87.06999969482422,,,63043.19921875,,,21137.44921875,,,,23519.349609375,
2025-04-01,50827.5,69.72000122070312,,,10.640000343322754,,18931.400390625,,21070.75,35980.6484375,,,25.799999237060547,,151.0500030517578,86.38999938964844,,,62372.1015625,,,20771.80078125,,,,23165.69921875,
2025-04-02,51348.05078125,69.5999984741211,,,10.65999984741211,,19200.75,,21265.650390625,36283.5,,,25.860000610351562,,152.35000610351562,86.04000091552734,,,63087.1015625,,,20952.849609375,,,,23332.349609375,
2025-04-03,51597.3515625,71.06999969482422,,,10.609999656677246,,19238.400390625,,21243.400390625,34757.25,,,25.940000534057617,,153.3800048828125,87.26000213623047,,,63104.30078125,,,21423.55078125,,,,23250.099609375,
2025-04-04,51502.69921875,68.7699966430664,,,10.229999542236328,,18675.30078125,,20805.349609375,33511.44921875,,,25.93000030517578,,148.7100067138672,84.5199966430664,,,61468.69921875,,,20560.0,,,,22904.44921875,
2025-04-07,49860.1015625,66.8499984741211,,,10.029999732971191,,18005.099609375,,20105.69921875,32668.80078125,,,25.440000534057617,,144.1999969482422,82.0,,,59546.19921875,,,19995.5,,,,22161.599609375,
2025-04-08,50511.0,67.22000122070312,,,10.149999618530273,,18387.05078125,,20480.80078125,33244.3984375,,,26.09000015258789,,145.6699981689453,84.08999633789062,,,60807.55078125,,,20377.900390625,,,,22535.849609375,
2025-04-09,50240.1484375,67.08000183105469,,,10.140000343322754,,18272.75,,20356.75,32517.349609375,,,25.25,,144.36000061035156,83.55999755859375,,,60664.6015625,,,19976.30078125,,,,22399.150390625,
2025-04-11,51002.3515625,68.9800033569336,,,10.359999656677246,,18614.150390625,,20752.849609375,32740.849609375,,,25.639999389648438,,148.7100067138672,86.08999633789062,,,61473.55078125,,,20461.900390625,,,,22828.55078125,
2025-04-15,52379.5,71.91000366210938,,,10.510000228881836,,19178.5,,21279.400390625,33275.30078125,,,26.329999923706055,,153.1300048828125,87.38999938964844,,,63374.30078125,,,20912.19921875,,,,23328.55078125,
2025-04-16,53117.75,72.44000244140625,,,10.640000343322754,,19320.599609375,,21404.349609375,33295.5,,,26.790000915527344,,154.66000366210938,87.8499984741211,,,63798.55078125,,,20874.30078125,,,,23437.19921875,
2025-04-17,54290.19921875,72.38999938964844,,,10.770000457763672,,19433.44921875,,21681.55078125,33372.3515625,,,27.40999984741211,,155.16000366210938,88.5199966430664,,,64255.55078125,,,21126.75,,,,23851.650390625,
2025-04-21,55304.5,73.97000122070312,,,11.029999732971191,,19863.650390625,,22005.75,34135.05078125,,,27.979999542236328,,158.39999389648438,90.4000015258789,,,65406.19921875,,,21351.05078125,,,,24125.55078125,
2025-04-22,55647.19921875,74.69999694824219,,,11.020000457763672,,20032.30078125,,22085.150390625,33941.05078125,,,28.06999969482422,,159.19000244140625,89.79000091552734,,,65548.3984375,,,21438.05078125,,,,24167.25,
2025-04-23,55370.05078125,75.29000091552734,,,11.029999732971191,,20229.05078125,,22237.599609375,35414.6484375,,,27.889999389648438,,159.72000122070312,90.44000244140625,,,65999.6484375,,,21738.94921875,,,,24328.94921875,
2025-04-24,55201.3984375,74.88999938964844,,,11.020000457763672,,20194.400390625,,22180.650390625,35307.1015625,,,27.799999237060547,,159.11000061035156,90.12999725341797,,,65900.796875,,,21974.599609375,,,,24246.69921875,
2025-04-25,54664.05078125,73.06999969482422,,,10.869999885559082,,19694.849609375,,21848.150390625,35562.25,,,27.459999084472656,,155.7899932861328,88.22000122070312,,,64314.8984375,,,21482.55078125,,,,24039.349609375,
2025-04-28,55432.80078125,76.11000061035156,,,11.210000038146973,,19966.69921875,,22101.849609375,35482.94921875,,,27.829999923706055,,156.77000427246094,89.5,,,65043.44921875,,,21908.099609375,,,,24328.5,
2025-04-29,55391.25,79.91999816894531,,,11.260000228881836,,20009.05078125,,22112.400390625,35920.3984375,,,27.790000915527344,,157.1699981689453,89.16000366210938,,,64892.3515625,,,21676.650390625,,,,24335.94921875,
2025-04-30,55087.1484375,78.11000061035156,,,11.239999771118164,,19873.150390625,,22030.05078125,35794.94921875,,,27.690000534057617,,154.3699951171875,88.62999725341797,,,64508.8515625,,,21772.44921875,,,,24334.19921875,
2025-05-02,55115.3515625,77.12999725341797,,,11.3100004196167,,19738.099609375,,22006.0,35891.8515625,,,27.739999771118164,,153.97999572753906,87.83999633789062,,,64429.75,,,21627.44921875,,,,24346.69921875,
2025-05-05,54919.5,78.75,,,11.539999961853027,,20049.150390625,,22195.150390625,35991.25,,,27.520000457763672,,156.16000366210938,88.25,,,65406.8515625,,,21775.75,,,,24461.150390625,
2025-05-06,54271.3984375,76.83999633789062,,,11.319999694824219,,19646.19921875,,21956.599609375,35869.19921875,,,27.25,,152.67999267578125,86.87999725341797,,,63824.8984375,,,21534.349609375,,,,24379.599609375,
2025-05-07,54610.8984375,76.30999755859375,,,11.350000381469727,,19943.650390625,,22072.44921875,35920.30078125,,,27.399999618530273,,154.10000610351562,87.52999877929688,,,64134.3984375,,,21462.44921875,,,,24414.400390625,
2025-05-08,54365.6484375,75.62000274658203,,,11.15999984741211,,19591.80078125,,21843.05078125,36002.44921875,,,27.360000610351562,,152.1199951171875,86.52999877929688,,,62760.25,,,21115.05078125,,,,24273.80078125,
2025-05-09,53595.25,78.04000091552734,,,11.100000381469727,,19596.25,,21675.55078125,35880.1015625,,,27.059999465942383,,151.6199951171875,86.29000091552734,,,62527.0,,,21071.75,,,,24008.0,
2025-05-12,55382.8515625,78.4000015258789,,,11.430000305175781,,20331.5,,22511.400390625,38282.55078125,,,27.920000076293945,,157.67999267578125,89.36000061035156,,,65078.55078125,,,21102.69921875,,,,24924.69921875,
2025-05-13,54940.8515625,81.68000030517578,,,11.359999656677246,,20379.30078125,,22349.400390625,37354.6015625,,,27.770000457763672,,158.49000549316406,88.91999816894531,,,65065.80078125,,,21359.75,,,,24578.349609375,
2025-05-14,54801.30078125,84.31999969482422,,,11.479999542236328,,20637.900390625,,22499.5,37853.55078125,,,27.59000015258789,,161.0399932861328,90.01000213623047,,,65540.75,,,21480.5,,,,24666.900390625,
2025-05-15,55355.6015625,86.41999816894531,,,11.609999656677246,,20781.150390625,,22788.80078125,38293.80078125,,,27.889999389648438,,162.36000061035156,91.01000213623047,,,66226.546875,,,21650.650390625,,,,25062.099609375,
2025-05-16,55354.8984375,91.4000015258789,,,11.670000076293945,,20960.150390625,,22870.900390625,37972.3515625,,,27.959999084472656,,164.5399932861328,92.44000244140625,,,67078.953125,,,21633.19921875,,,,25019.80078125,
2025-05-19,55420.69921875,90.11000061035156,,,11.640000343322754,,20992.80078125,,22865.80078125,37477.80078125,,,27.979999542236328,,165.86000061035156,92.73999786376953,,,67405.796875,,,21740.44921875,,,,24945.44921875,
2025-05-20,54877.3515625,87.72000122070312,,,11.539999961853027,,20665.25,,22585.599609375,37283.5,,,27.649999618530273,,164.13999938964844,91.9000015258789,,,66165.5,,,21456.150390625,,,,24683.900390625,
2025-05-21,55075.1015625,91.06999969482422,,,11.59000015258789,,20828.75,,22730.650390625,37540.1015625,,,27.65999984741211,,165.02000427246094,92.91999816894531,,,66939.1015625,,,21723.650390625,,,,24813.44921875,
2025-05-22,54941.30078125,92.83000183105469,,,11.460000038146973,,20752.69921875,,22595.0,37050.1484375,,,27.690000534057617,,164.8300018310547,92.0999984741211,,,66716.8984375,,,21521.75,,,,24609.69921875,
2025-05-23,55398.25,92.77999877929688,,,11.5600004196167,,20874.400390625,,22781.05078125,37403.55078125,,,27.809999465942383,,166.1699981689453,92.68000030517578,,,67095.8984375,,,21434.25,,,,24853.150390625,
2025-05-26,55572.0,93.95999908447266,,,11.609999656677246,,20991.0,,22908.30078125,37785.8984375,,,27.899999618530273,,167.11000061035156,92.76000213623047,,,67372.296875,,,21501.80078125,,,,25001.150390625,
2025-05-27,55352.80078125,95.0999984741211,,,11.550000190734863,,21034.44921875,,22816.5,37501.44921875,,,27.860000610351562,,167.44000244140625,92.44999694824219,,,67190.75,,,21524.94921875,,,,24826.19921875,
2025-05-28,55417.0,95.80999755859375,,,11.550000190734863,,21044.400390625,,22779.400390625,37465.75,,,27.829999923706055,,168.0500030517578,92.33999633789062,,,66996.203125,,,21393.30078125,,,,24752.44921875,
2025-05-29,55546.05078125,96.31999969482422,,,11.5600004196167,,21163.150390625,,22861.349609375,37754.1484375,,,27.920000076293945,,168.52999877929688,92.47000122070312,,,67093.796875,,,21589.349609375,,,,24833.599609375,
2025-05-30,55749.69921875,95.08000183105469,,,11.470000267028809,,21125.55078125,,22801.94921875,37321.75,,,27.950000762939453,,168.99000549316406,91.55999755859375,,,66761.296875,,,21442.05078125,,,,24750.69921875,
2025-06-02,55903.3984375,95.3499984741211,,,11.470000267028809,,21240.80078125,,22834.5,37061.8515625,,,27.899999618530273,,170.3699951171875,91.80000305175781,,,67039.796875,,,21394.099609375,,,,24716.599609375,
2025-06-03,55599.94921875,96.6500015258789,,,11.390000343322754,,21164.75,,22711.30078125,36814.8984375,,,27.75,,170.72999572753906,91.02999877929688,,,66671.796875,,,21354.19921875,,,,24542.5,
2025-06-04,55676.8515625,97.43000030517578,,,11.460000038146973,,21334.599609375,,22807.849609375,36938.1015625,,,27.600000381469727,,171.60000610351562,91.5199966430664,,,66866.6015625,,,21371.69921875,,,,24620.19921875,
2025-06-05,55760.8515625,99.5,,,11.479999542236328,,21476.44921875,,22934.5,37107.94921875,,,27.59000015258789,,172.6300048828125,92.41000366210938,,,67147.1015625,,,21644.19921875,,,,24750.900390625,
2025-06-06,56578.3984375,97.80000305175781,,,11.520000457763672,,21688.599609375,,23165.099609375,37294.8515625,,,28.110000610351562,,173.3699951171875,92.91999816894531,,,67992.8515625,,,21684.400390625,,,,25003.05078125,
2025-06-09,56839.6015625,97.52999877929688,,,11.640000343322754,,21908.349609375,,23330.55078125,37669.19921875,,,28.389999389648438,,175.72000122070312,93.80000305175781,,,68843.5,,,21826.80078125,,,,25103.19921875,
2025-06-10,56629.1015625,98.83000183105469,,,11.640000343322754,,21915.900390625,,23339.94921875,38300.0,,,28.389999389648438,,176.39999389648438,94.08999633789062,,,68922.546875,,,21948.0,,,,25104.25,
2025-06-11,56459.75,96.61000061035156,,,11.8100004196167,,21846.05078125,,23337.849609375,38784.30078125,,,28.260000228881836,,176.0500030517578,93.79000091552734,,,68771.8515625,,,22057.150390625,,,,25141.400390625,
2025-06-12,56082.55078125,94.87999725341797,,,11.630000114440918,,21509.650390625,,23046.44921875,38460.30078125,,,28.079999923706055,,174.0,92.4800033569336,,,67536.5,,,22036.150390625,,,,24888.19921875,
2025-06-13,55527.3515625,96.47000122070312,,,11.5600004196167,,21433.05078125,,22906.19921875,38469.25,,,27.809999465942383,,172.9600067138672,92.63999938964844,,,66979.046875,,,21985.150390625,,,,24718.599609375,
2025-06-16,55944.8984375,96.91000366210938,,,11.65999984741211,,21594.44921875,,23095.05078125,39073.05078125,,,28.030000686645508,,174.08999633789062,93.81999969482422,,,67472.1484375,,,22039.44921875,,89.59429931640625,,24946.5,
2025-06-17,55714.1484375,97.79000091552734,,,11.569999694824219,,21460.94921875,,22981.5,39356.1015625,,,27.899999618530273,,172.8000030517578,93.33999633789062,,,66996.453125,,,21622.80078125,,88.9761962890625,,24853.400390625,
2025-06-18,55828.75,97.31999969482422,,,11.510000228881836,,21358.5,,22925.19921875,39030.8984375,,,28.030000686645508,,172.30999755859375,92.69000244140625,,,66788.703125,,,21588.400390625,,88.91600036621094,,24812.05078125,
2025-06-19,55577.44921875,95.70999908447266,,,11.430000305175781,,21022.94921875,,22763.5,38664.94921875,,,27.920000076293945,,169.2100067138672,92.04000091552734,,,65848.1484375,,,21441.849609375,,87.77059936523438,,24793.25,
2025-06-20,56252.8515625,97.33999633789062,,,11.529999732971191,,21285.44921875,,23041.099609375,38991.44921875,,,28.200000762939453,,170.24000549316406,93.5199966430664,,,66733.046875,,,21613.0,,88.88629913330078,,25112.400390625,
2025-06-23,56059.3515625,99.80999755859375,,,11.550000190734863,,21371.30078125,,23001.5,38414.1015625,,,28.15999984741211,,171.47999572753906,94.41999816894531,,,66780.5,,,21626.19921875,,89.3021011352539,,24971.900390625,
2025-06-24,56461.8984375,97.2699966430664,,,11.529999732971191,,21523.05078125,,23113.19921875,38417.94921875,,,28.43000030517578,,172.83999633789062,93.33999633789062,,,67349.3515625,,,21672.099609375,,90.4092025756836,,25044.349609375,
2025-06-25,56621.1484375,95.06999969482422,,,11.59000015258789,,21640.650390625,,23296.849609375,39046.30078125,,,28.389999389648438,,175.66000366210938,92.9800033569336,,,67669.3984375,,,21804.80078125,,91.7822036743164,,25244.75,
2025-06-26,57206.69921875,95.47000122070312,,,11.770000457763672,,21753.150390625,,23517.55078125,38996.25,,,28.68000030517578,,176.0,93.54000091552734,,,68295.1484375,,,21808.19921875,,92.27030181884766,,25549.0,
2025-06-27,57443.8984375,96.36000061035156,,,11.90999984741211,,21840.19921875,,23620.150390625,38822.94921875,,,28.850000381469727,,177.39999389648438,94.0199966430664,,,68712.3984375,,,21928.599609375,,92.55670166015625,,25637.80078125,
2025-06-30,57312.75,97.44000244140625,,,11.880000114440918,,21988.650390625,,23617.19921875,38950.0,,,28.6200008392334,,179.0399932861328,94.2300033569336,,,68998.203125,,,22038.69921875,,92.8218002319336,,25517.05078125,
2025-07-01,57459.44921875,97.80000305175781,,,11.930000305175781,,21951.05078125,,23615.44921875,38833.1484375,,,28.610000610351562,,178.4600067138672,94.20999908447266,,,68930.203125,,,22041.25,,93.02020263671875,,25541.80078125,
2025-07-02,56999.19921875,97.37999725341797,,,11.90999984741211,,21940.150390625,,23547.25,38879.1015625,,,28.420000076293945,,177.1699981689453,93.58000183105469,,,68729.796875,,,22110.80078125,,92.87010192871094,,25453.400390625,
2025-07-03,56791.94921875,97.05999755859375,,,11.949999809265137,,21977.25,,23521.849609375,38854.30078125,,,28.399999618530273,,178.25,93.70999908447266,,,68355.8515625,,,22204.25,,92.09130096435547,,25405.30078125,
2025-07-04,57031.8984375,97.91000366210938,,,12.069999694824219,,21973.150390625,,23562.44921875,39166.55078125,,,28.3799991607666,,178.17999267578125,93.91000366210938,,,68607.796875,,,22384.599609375,,92.58869934082031,,25461.0,
2025-07-07,56949.19921875,97.1500015258789,,,12.130000114440918,,21916.30078125,,23551.19921875,38866.94921875,,,28.3799991607666,,177.97999572753906,93.27999877929688,,,68725.796875,,,22365.05078125,,92.05280303955078,,25461.30078125,
2025-07-08,57256.30078125,96.93000030517578,,,12.149999618530273,,21886.150390625,,23572.55078125,38983.25,,,28.56999969482422,,177.3699951171875,94.1500015258789,,,68719.046875,,,22165.900390625,,92.82240295410156,,25522.5,
2025-07-09,57213.55078125,97.22000122070312,,,12.0,,21878.650390625,,23557.44921875,38680.8515625,,,28.559999465942383,,178.8699951171875,94.29000091552734,,,68678.1484375,,,22208.5,,93.34519958496094,,25476.099609375,
2025-07-10,56956.0,95.2300033569336,,,11.979999542236328,,21818.349609375,,23471.400390625,38376.6484375,,,28.459999084472656,,178.72000122070312,93.69000244140625,,,68523.453125,,,22076.80078125,,93.443603515625,,25355.25,
2025-07-11,56754.69921875,93.5199966430664,,,11.84000015258789,,21636.400390625,,23282.69921875,37693.25,,,28.469999313354492,,177.22999572753906,93.31999969482422,,,67965.546875,,,22225.900390625,,92.6604995727539,,25149.849609375,
2025-07-14,56765.3515625,92.4800033569336,,,11.84000015258789,,21773.900390625,,23309.05078125,37273.69921875,,,28.3799991607666,,178.97000122070312,93.4000015258789,,,68285.6484375,,,22410.349609375,,92.82820129394531,,25082.30078125,
2025-07-15,57006.6484375,93.12000274658203,,,11.899999618530273,,21974.900390625,,23449.150390625,37424.6015625,,,28.459999084472656,,180.6199951171875,93.58000183105469,,,68727.546875,,,22665.69921875,,93.67759704589844,,25195.80078125,
2025-07-16,57168.94921875,92.68000030517578,,,11.920000076293945,,21996.30078125,,23472.5,37660.75,,,28.389999389648438,,180.91000366210938,93.43000030517578,,,68870.546875,,,22593.900390625,,94.22779846191406,,25212.05078125,
2025-07-17,56828.80078125,91.7300033569336,,,11.930000305175781,,22006.25,,23419.69921875,37138.55078125,,,28.389999389648438,,181.3800048828125,93.31999969482422,,,68711.453125,,,22680.349609375,,94.04620361328125,,25111.44921875,
2025-07-18,56283.0,89.66999816894531,,,11.880000114440918,,21858.849609375,,23275.150390625,37141.8984375,,,27.969999313354492,,179.7899932861328,92.75,,,68225.1484375,,,22592.75,,94.18340301513672,,24968.400390625,
2025-07-21,56952.75,90.4000015258789,,,11.75,,21997.0,,23378.44921875,37031.75,,,28.280000686645508,,180.07000732421875,93.08999633789062,,,68503.1484375,,,22531.849609375,,94.09390258789062,,25090.69921875,
2025-07-22,56756.0,90.5199966430664,,,11.699999809265137,,21884.05078125,,23320.900390625,36858.8984375,,,28.280000686645508,,179.3699951171875,93.33000183105469,,,68253.8984375,,,22307.19921875,,93.42169952392578,,25060.900390625,
2025-07-23,57210.44921875,90.0199966430664,,,11.779999732971191,,21949.25,,23428.400390625,36951.5,,,28.399999618530273,,179.58999633789062,93.47000122070312,,,68363.0,,,22417.44921875,,93.18789672851562,,25219.900390625,
2025-07-24,57066.05078125,89.55999755859375,,,11.6899995803833,,21856.150390625,,23301.099609375,36135.80078125,,,28.309999465942383,,178.52999877929688,92.87000274658203,,,68207.296875,,,22541.05078125,,92.90339660644531,,25062.099609375,
2025-07-25,56528.8984375,87.83999633789062,,,11.470000267028809,,21501.599609375,,23014.80078125,35623.75,,,28.260000228881836,,175.0800018310547,91.22000122070312,,,67146.6484375,,,22662.69921875,,91.53140258789062,,24837.0,
2025-07-28,56084.8984375,86.11000061035156,,,11.430000305175781,,21314.849609375,,22846.94921875,35370.05078125,,,27.56999969482422,,172.91000366210938,90.83000183105469,,,66768.8984375,,,22761.150390625,,90.90850067138672,,24680.900390625,
2025-07-29,56222.0,85.80000305175781,,,11.5600004196167,,21501.0,,23007.349609375,35373.25,,,27.559999465942383,,174.3800048828125,91.22000122070312,,,67379.203125,,,23072.44921875,,91.22309875488281,,24821.099609375,
2025-07-30,56150.69921875,86.01000213623047,,,11.539999961853027,,21540.25,,23033.55078125,35481.69921875,,,27.559999465942383,,174.08999633789062,91.12999725341797,,,67435.1484375,,,23073.900390625,,90.94750213623047,,24855.05078125,
2025-07-31,55961.94921875,85.4000015258789,,,11.380000114440918,,21361.30078125,,22914.94921875,35301.6484375,,,27.510000228881836,,172.3000030517578,90.58000183105469,,,67096.1484375,,,22771.05078125,,91.20600128173828,,24768.349609375,
2025-08-01,55617.6015625,83.66999816894531,,,11.220000267028809,,21088.650390625,,22673.650390625,34649.6015625,,,27.290000915527344,,169.89999389648438,89.66000366210938,,,66192.796875,,,22011.69921875,,90.33190155029297,,24565.349609375,
2025-08-04,55619.3515625,85.80000305175781,,,11.270000457763672,,21329.400390625,,22860.400390625,35203.3515625,,,27.3799991607666,,171.47000122070312,90.08999633789062,,,66917.5,,,22153.80078125,,91.02330017089844,,24722.75,
2025-08-05,55360.25,86.5,,,11.180000305175781,,21288.849609375,,22798.5,35034.5,,,27.389999389648438,,170.8699951171875,90.11000061035156,,,66762.046875,,,21970.150390625,,90.9259033203125,,24649.55078125,
2025-08-06,55411.1484375,86.05000305175781,,,11.149999618530273,,21096.650390625,,22666.849609375,34426.25,,,27.290000915527344,,168.92999267578125,90.0199966430664,,,66181.3515625,,,21523.75,,90.63680267333984,,24574.19921875,
2025-08-07,55521.1484375,85.62999725341797,,,11.140000343322754,,21152.099609375,,22694.099609375,34726.80078125,,,27.239999771118164,,168.8800048828125,89.81999969482422,,,66338.1015625,,,21684.80078125,,90.41380310058594,,24596.150390625,
2025-08-08,55004.8984375,83.58000183105469,,,11.119999885559082,,20848.25,,22443.150390625,34398.5,,,26.979999542236328,,166.89999389648438,89.80999755859375,,,65514.69921875,,,21402.150390625,,89.28309631347656,,24363.30078125,
2025-08-11,55510.75,84.55000305175781,,,11.180000305175781,,20983.80078125,,22633.44921875,34544.6484375,,,27.190000534057617,,167.52000427246094,90.0199966430664,,,66283.953125,,,21604.650390625,,90.0999984741211,,24585.05078125,
2025-08-12,55043.69921875,83.70999908447266,,,11.239999771118164,,20935.19921875,,22568.599609375,34674.30078125,,,27.040000915527344,,167.4199981689453,90.30999755859375,,,66223.8984375,,,21753.5,,90.3198013305664,,24487.400390625,
2025-08-13,55181.44921875,85.98999786376953,,,11.239999771118164,,21067.30078125,,22698.099609375,34692.94921875,,,27.110000610351562,,168.63999938964844,91.08000183105469,,,66622.25,,,22130.30078125,,91.70860290527344,,24619.349609375,
2025-08-14,55341.8515625,85.83000183105469,,,11.149999618530273,,21017.05078125,,22680.25,34833.19921875,,,27.139999389648438,,168.05999755859375,90.5,,,66511.6015625,,,22151.849609375,,91.77850341796875,,24631.30078125,
2025-08-18,55734.8984375,85.88999938964844,,,11.180000305175781,,21267.05078125,,22931.5,34634.94921875,,,27.360000610351562,,170.2899932861328,90.58000183105469,,,67399.6015625,,,22141.150390625,,92.34010314941406,,24876.94921875,
2025-08-19,55865.1484375,84.9000015258789,,,11.350000381469727,,21466.849609375,,23066.599609375,34756.69921875,,,27.5,,171.42999267578125,90.30999755859375,,,67907.453125,,,22066.75,,92.50849914550781,,24980.650390625,
2025-08-20,55698.5,84.37000274658203,,,11.34000015258789,,21566.099609375,,23143.150390625,35690.05078125,,,27.440000534057617,,171.77000427246094,90.33999633789062,,,68164.296875,,,21969.5,,94.19860076904297,,25050.55078125,
2025-08-21,55755.44921875,84.62999725341797,,,11.380000114440918,,21476.19921875,,23137.150390625,35723.8984375,,,27.469999313354492,,171.63999938964844,89.97000122070312,,,67972.6484375,,,22177.69921875,,93.65699768066406,,25083.75,
2025-08-22,55149.3984375,84.81999969482422,,,11.270000457763672,,21438.19921875,,22991.30078125,35440.8515625,,,27.190000534057617,,171.3800048828125,89.56999969482422,,,67540.1015625,,,22265.0,,93.3677978515625,,24870.099609375,
2025-08-25,55139.30078125,84.5999984741211,,,11.289999961853027,,21432.30078125,,23052.0,36280.1015625,,,27.200000762939453,,171.7899932861328,89.63999938964844,,,67711.3515625,,,22362.80078125,,93.67849731445312,,24967.75,
2025-08-26,54450.44921875,82.66999816894531,,,11.109999656677246,,21119.30078125,,22768.650390625,36063.19921875,,,26.829999923706055,,168.77000427246094,88.55999755859375,,,66800.3515625,,,21990.0,,92.67179870605469,,24712.05078125,
2025-08-28,53820.3515625,81.33000183105469,,,11.0600004196167,,20864.75,,22541.650390625,35488.80078125,,,26.549999237060547,,166.97999572753906,87.87000274658203,,,65940.296875,,,21808.349609375,,90.93890380859375,,24500.900390625,
2025-08-29,53655.6484375,81.48999786376953,,,10.949999809265137,,20750.30078125,,22462.94921875,35181.25,,,26.559999465942383,,166.36000061035156,87.83000183105469,,,65745.75,,,21804.05078125,,90.10990142822266,,24426.849609375,
2025-09-01,54002.44921875,83.30000305175781,,,11.09000015258789,,21111.849609375,,22713.55078125,35740.6484375,,,26.760000228881836,,168.77999877929688,89.0199966430664,,,66670.1484375,,,21778.849609375,,90.83670043945312,,24625.05078125,
2025-09-02,53661.0,84.12999725341797,,,11.130000114440918,,21149.69921875,,22724.400390625,35737.8984375,,,26.579999923706055,,169.8000030517578,90.08999633789062,,,67017.75,,,21719.94921875,,90.94300079345703,,24579.599609375,
2025-09-03,54067.55078125,84.41999816894531,,,11.180000305175781,,21292.25,,22864.650390625,35474.94921875,,,26.739999771118164,,171.22000122070312,90.22000122070312,,,67463.046875,,,21959.599609375,,92.11270141601562,,24715.05078125,
2025-09-04,54075.44921875,82.94999694824219,,,11.09000015258789,,21157.94921875,,22819.650390625,35143.1015625,,,26.729999542236328,,169.50999450683594,89.48999786376953,,,67151.546875,,,21915.400390625,,92.1001968383789,,24734.30078125,
2025-09-05,54114.55078125,82.66000366210938,,,11.109999656677246,,21172.650390625,,22829.150390625,34635.8515625,,,26.790000915527344,,169.94000244140625,89.36000061035156,,,67089.796875,,,21924.80078125,,92.02230072021484,,24741.0,
2025-09-08,54186.8984375,82.88999938964844,,,11.130000114440918,,21254.099609375,,22878.650390625,34310.44921875,,,26.809999465942383,,171.0500030517578,88.93000030517578,,,67366.046875,,,21865.19921875,,92.49130249023438,,24773.150390625,
2025-09-09,54216.1015625,82.72000122070312,,,11.09000015258789,,21295.900390625,,22949.099609375,35255.94921875,,,26.75,,170.88999938964844,88.75,,,67460.75,,,22052.650390625,,92.41950225830078,,24868.599609375,
2025-09-10,54536.0,84.87000274658203,,,11.130000114440918,,21498.349609375,,23074.150390625,36183.80078125,,,26.969999313354492,,172.17999267578125,89.8499984741211,,,67753.796875,,,22122.05078125,,92.37519836425781,,24973.099609375,
2025-09-11,54669.6015625,84.69000244140625,,,11.220000267028809,,21507.75,,23102.650390625,36003.5,,,27.09000015258789,,172.08999633789062,90.68000030517578,,,67974.703125,,,22224.0,,92.37069702148438,,25005.5,
2025-09-12,54809.30078125,88.4800033569336,,,11.260000228881836,,21567.19921875,,23190.25,36110.75,,,27.170000076293945,,172.8800048828125,91.52999877929688,,,68194.0,,,22341.19921875,,92.46820068359375,,25114.0,
2025-09-15,54887.8515625,89.06999969482422,,,11.289999961853027,,21657.400390625,,23215.849609375,35902.19921875,,,27.190000534057617,,174.02000427246094,91.55999755859375,,,68603.1484375,,,22198.69921875,,93.00499725341797,,25069.19921875,
2025-09-16,55147.6015625,89.58999633789062,,,11.380000114440918,,21791.150390625,,23369.30078125,36212.1484375,,,27.399999618530273,,175.6999969482422,92.69999694824219,,,69000.75,,,22264.55078125,,93.32129669189453,,25239.099609375,
2025-09-17,55493.30078125,91.58999633789062,,,11.460000038146973,,21831.05078125,,23445.19921875,36447.1484375,,,27.469999313354492,,176.13999938964844,93.43000030517578,,,69147.1015625,,,22241.349609375,,93.10549926757812,,25330.25,
2025-09-18,55727.44921875,90.91000366210938,,,11.460000038146973,,21898.80078125,,23518.900390625,36750.25,,,27.559999465942383,,175.7899932861328,92.9000015258789,,,69334.296875,,,22574.349609375,,92.97419738769531,,25423.599609375,
2025-09-19,55458.8515625,91.41999816894531,,,11.460000038146973,,21900.599609375,,23486.650390625,36578.25,,,27.469999313354492,,176.02999877929688,93.0199966430664,,,69736.6015625,,,22686.599609375,,92.70880126953125,,25327.05078125,
2025-09-22,55284.75,90.44999694824219,,,11.520000457763672,,21777.5,,23381.44921875,35500.1484375,,,27.329999923706055,,174.02000427246094,93.02999877929688,,,69962.296875,,,22365.75,,92.17169952392578,,25202.349609375,
2025-09-23,55509.75,89.87000274658203,,,11.460000038146973,,21713.599609375,,23325.25,35249.1015625,,,27.440000534057617,,173.49000549316406,93.16000366210938,,,69643.3984375,,,22299.099609375,,91.3634033203125,,25169.5,
2025-09-24,55121.5,88.68000030517578,,,11.420000076293945,,21523.349609375,,23178.25,34994.30078125,,,27.329999923706055,,172.63999938964844,93.31999969482422,,,68808.203125,,,22180.69921875,,90.8478012084961,,25056.900390625,
2025-09-25,54976.19921875,89.25,,,11.359999656677246,,21381.5,,23022.400390625,34548.30078125,,,27.209999084472656,,171.94000244140625,92.86000061035156,,,68293.6484375,,,21977.69921875,,89.9977035522461,,24890.849609375,
2025-09-26,54389.3515625,87.31999969482422,,,11.279999732971191,,20967.75,,22713.150390625,33702.0,,,26.989999771118164,,168.38999938964844,91.76000213623047,,,67144.953125,,,21507.19921875,,87.93710327148438,,24654.69921875,
2025-09-29,54461.0,86.58000183105469,,,11.449999809265137,,21020.0,,22739.099609375,33693.1015625,,,26.8700008392334,,168.17999267578125,92.16000366210938,,,67835.1015625,,,21475.30078125,,88.1520004272461,,24634.900390625,
2025-09-30,54635.8515625,86.2300033569336,,,11.420000076293945,,21038.69921875,,22734.099609375,33655.1015625,,,26.84000015258789,,167.7899932861328,92.3499984741211,,,67845.1484375,,,21454.25,,87.7603988647461,,24611.099609375,
2025-10-01,55347.94921875,87.69000244140625,,,11.470000267028809,,21220.44921875,,22928.30078125,33905.19921875,,,27.420000076293945,,169.88999938964844,92.73999786376953,,,68087.296875,,,21733.5,,88.27040100097656,,24836.30078125,
2025-10-03,55589.25,89.4000015258789,,,11.550000190734863,,21400.30078125,,23027.69921875,33949.75,,,27.579999923706055,,171.55999755859375,93.69000244140625,,,68355.8984375,,,21756.349609375,,88.82369995117188,,24894.25,
2025-10-06,56104.8515625,89.51000213623047,,,11.619999885559082,,21551.05078125,,23169.650390625,34722.55078125,,,27.899999618530273,,171.3300018310547,93.4000015258789,,,68590.25,,,21779.849609375,,88.55719757080078,,25077.650390625,
2025-10-07,56239.3515625,88.83000183105469,,,11.65999984741211,,21635.900390625,,23209.5,34709.44921875,,,27.8799991607666,,171.4499969482422,93.73999786376953,,,68671.203125,,,21875.30078125,,88.63860321044922,,25108.30078125,
2025-10-08,56018.25,87.54000091552734,,,11.569999694824219,,21477.849609375,,23109.349609375,35232.25,,,27.81999969482422,,170.3300018310547,92.44000244140625,,,68139.953125,,,21707.349609375,,87.87999725341797,,25046.150390625,
2025-10-09,56192.05078125,89.08999633789062,,,11.630000114440918,,21655.900390625,,23241.75,35628.5,,,27.93000030517578,,171.4499969482422,92.80999755859375,,,68520.25,,,21936.19921875,,88.44349670410156,,25181.80078125,
2025-10-10,56609.75,88.94000244140625,,,11.640000343322754,,21743.94921875,,23337.55078125,35609.05078125,,,28.170000076293945,,172.47000122070312,93.58999633789062,,,68687.25,,,22218.25,,88.67620086669922,,25285.349609375,
2025-10-13,56625.0,87.95999908447266,,,11.59000015258789,,21746.75,,23294.80078125,35330.80078125,,,28.280000686645508,,171.58999633789062,93.02999877929688,,,68569.6484375,,,22205.099609375,,88.018798828125,,25227.349609375,
2025-10-14,56496.44921875,87.47000122070312,,,11.510000228881836,,21595.94921875,,23184.05078125,35214.8515625,,,28.09000015258789,,169.67999267578125,92.38999938964844,,,68207.8515625,,,22039.25,,87.03849792480469,,25145.5,
2025-10-15,56799.8984375,88.6500015258789,,,11.59000015258789,,21796.5,,23377.349609375,35401.80078125,,,28.209999084472656,,171.8300018310547,93.55000305175781,,,69113.546875,,,22057.30078125,,88.30979919433594,,25323.55078125,
2025-10-16,57422.55078125,88.98999786376953,,,11.630000114440918,,21900.900390625,,23563.80078125,35531.05078125,,,28.549999237060547,,172.52000427246094,93.91000366210938,,,69453.203125,,,22103.19921875,,89.2970962524414,,25585.30078125,
2025-10-17,57713.3515625,89.18000030517578,,,11.619999885559082,,21782.80078125,,23598.05078125,34950.69921875,,,28.6299991607666,,171.52000427246094,93.7699966430664,,,69356.046875,,,22253.75,,89.0708999633789,,25709.849609375,
2025-10-20,58033.19921875,89.3499984741211,,,11.789999961853027,,21924.849609375,,23716.099609375,35292.6015625,,,28.850000381469727,,172.58999633789062,94.0,,,69450.3515625,,,22439.900390625,,89.73880004882812,,25843.150390625,
2025-10-21,58007.19921875,90.16000366210938,,,11.800000190734863,,21972.05078125,,23759.19921875,35299.75,,,28.93000030517578,,173.6699981689453,94.08999633789062,,,69519.6484375,,,22515.69921875,,89.73880004882812,,25868.599609375,
2025-10-23,58078.05078125,89.54000091552734,,,11.75,,21940.05078125,,23755.900390625,36078.6484375,,,29.079999923706055,,173.75999450683594,94.4800033569336,,,69434.3515625,,,22481.25,,89.37010192871094,,25891.400390625,
2025-10-24,57699.6015625,89.54000091552734,,,11.75,,21890.900390625,,23686.599609375,35986.3515625,,,29.079999923706055,,173.75999450683594,94.4800033569336,,,69355.8984375,,,22357.349609375,,89.37010192871094,,25795.150390625,
2025-10-27,58114.25,89.27999877929688,,,11.920000076293945,,22064.650390625,,23840.900390625,36129.1015625,,,28.860000610351562,,174.67999267578125,94.55000305175781,,,69612.203125,,,22310.400390625,,89.59500122070312,,25966.05078125,
2025-10-28,58214.1015625,88.72000122070312,,,11.869999885559082,,22063.0,,23812.55078125,35860.3984375,,,28.899999618530273,,174.33999633789062,93.81999969482422,,,69258.25,,,22250.900390625,,89.34040069580078,,25936.19921875,
2025-10-29,58385.25,88.5999984741211,,,12.130000114440918,,22190.5,,23952.400390625,36090.1015625,,,28.90999984741211,,175.0800018310547,94.7699966430664,,,70238.453125,,,22430.69921875,,89.87409973144531,,26053.900390625,
2025-10-30,58031.1015625,88.37999725341797,,,12.119999885559082,,22154.44921875,,23841.30078125,35906.3984375,,,28.780000686645508,,174.92999267578125,94.83000183105469,,,70082.546875,,,22298.19921875,,90.01000213623047,,25877.849609375,
2025-10-31,57776.3515625,89.16999816894531,,,12.119999885559082,,22045.94921875,,23710.400390625,35712.3515625,,,28.559999465942383,,174.10000610351562,94.6500015258789,,,69824.75,,,22175.400390625,,88.6946029663086,,25722.099609375,
2025-11-03,58101.44921875,89.75,,,12.220000267028809,,22216.099609375,,23810.69921875,35653.1015625,,,28.649999618530273,,175.3699951171875,94.37000274658203,,,70483.296875,,,22442.599609375,,89.22830200195312,,25763.349609375,
2025-11-04,57827.05078125,88.33000183105469,,,12.140000343322754,,22135.94921875,,23675.44921875,35274.55078125,,,28.440000534057617,,174.27000427246094,93.12999725341797,,,70168.796875,,,22334.44921875,,89.03489685058594,,25597.650390625,
2025-11-06,57554.25,86.62000274658203,,,12.140000343322754,,21923.099609375,,23513.150390625,35337.6015625,,,28.309999465942383,,171.9499969482422,91.7699966430664,,,69299.546875,,,22250.55078125,,87.19339752197266,,25509.69921875,
2025-11-07,57876.80078125,87.4000015258789,,,12.15999984741211,,22026.400390625,,23521.5,35117.6484375,,,28.3700008392334,,171.60000610351562,92.05000305175781,,,69366.1484375,,,22169.80078125,,86.45659637451172,,25492.30078125,
2025-11-10,57937.55078125,88.5,,,12.170000076293945,,22126.599609375,,23596.900390625,35688.25,,,28.440000534057617,,171.57000732421875,92.3499984741211,,,69629.203125,,,22379.849609375,,86.66339874267578,,25574.349609375,
2025-11-11,58138.1484375,90.80999755859375,,,12.229999542236328,,22224.400390625,,23682.650390625,36116.8984375,,,28.469999313354492,,171.33999633789062,92.81999969482422,,,69725.1015625,,,22369.599609375,,86.89550018310547,,25694.94921875,
2025-11-12,58274.6484375,90.55999755859375,,,12.359999656677246,,22394.44921875,,23836.900390625,36855.3984375,,,28.579999923706055,,172.6300048828125,93.02999877929688,,,69807.953125,,,22593.400390625,,87.48149871826172,,25875.80078125,
2025-11-13,58381.94921875,89.7699966430664,,,12.329999923706055,,22322.44921875,,23816.0,36679.5,,,28.6299991607666,,171.72999572753906,92.55999755859375,,,69851.6484375,,,22686.80078125,,87.63670349121094,,25879.150390625,
2025-11-14,58517.55078125,90.9800033569336,,,12.369999885559082,,22331.25,,23836.349609375,36301.25,,,28.600000381469727,,172.1699981689453,93.4000015258789,,,69786.8515625,,,22821.05078125,,88.17880249023438,,25910.05078125,
2025-11-17,58962.69921875,91.06999969482422,,,12.420000076293945,,22482.400390625,,23954.55078125,36375.19921875,,,28.90999984741211,,173.44000244140625,93.5999984741211,,,70154.1015625,,,22867.599609375,,88.35459899902344,,26013.44921875,
2025-11-18,58899.25,90.4000015258789,,,12.350000381469727,,22342.650390625,,23824.650390625,35975.19921875,,,28.829999923706055,,171.19000244140625,93.08999633789062,,,69643.5,,,22713.650390625,,88.41110229492188,,25910.05078125,
2025-11-19,59216.05078125,90.33999633789062,,,12.300000190734863,,22414.650390625,,23906.30078125,37044.6484375,,,28.979999542236328,,170.6300048828125,93.05999755859375,,,69635.8515625,,,22727.650390625,,88.38939666748047,,26052.650390625,
2025-11-20,59347.69921875,91.0999984741211,,,12.359999656677246,,22406.75,,23975.44921875,37043.30078125,,,29.010000228881836,,170.72999572753906,93.2300033569336,,,69567.75,,,22687.55078125,,88.90360260009766,,26192.150390625,
2025-11-21,58867.69921875,89.13999938964844,,,12.270000457763672,,22151.150390625,,23790.25,36885.3515625,,,28.809999465942383,,168.14999389648438,92.5999984741211,,,68669.1484375,,,22580.94921875,,88.88939666748047,,26068.150390625,
2025-11-24,58835.3515625,86.94999694824219,,,12.1899995803833,,22079.400390625,,23674.55078125,37037.94921875,,,28.809999465942383,,167.3800048828125,91.47000122070312,,,67997.453125,,,22492.44921875,,88.07820129394531,,25959.5,
2025-11-25,58820.30078125,87.05999755859375,,,12.140000343322754,,22136.44921875,,23655.05078125,36826.8984375,,,28.700000762939453,,167.69000244140625,91.47000122070312,,,68172.453125,,,22590.94921875,,88.21099853515625,,25884.80078125,
2025-11-26,59528.05078125,88.13999938964844,,,12.350000381469727,,22419.099609375,,23955.19921875,37364.6015625,,,29.139999389648438,,169.69000244140625,92.33999633789062,,,69189.3984375,,,22862.349609375,,89.39849853515625,,26205.30078125,
2025-11-27,59737.30078125,87.87000274658203,,,12.270000457763672,,22420.099609375,,23947.75,37446.30078125,,,29.309999465942383,,169.10000610351562,91.97000122070312,,,69069.796875,,,22863.0,,89.64119720458984,,26215.55078125,
2025-11-28,59752.69921875,88.0,,,12.1899995803833,,22395.400390625,,23933.19921875,37405.5,,,29.290000915527344,,168.72000122070312,91.55999755859375,,,69137.453125,,,22998.30078125,,89.78479766845703,,26202.94921875,
2025-12-01,59681.3515625,87.98999786376953,,,12.199999809265137,,22372.30078125,,23922.44921875,37549.75,,,29.260000228881836,,169.0800018310547,91.95999908447266,,,69220.6015625,,,22887.75,,89.66999816894531,,26175.75,
2025-12-02,59273.80078125,87.33999633789062,,,12.140000343322754,,22327.849609375,,23822.25,37541.25,,,29.010000228881836,,168.1699981689453,91.54000091552734,,,69154.453125,,,22905.0,,88.81079864501953,,26032.19921875,
2025-12-03,59348.25,85.79000091552734,,,12.0600004196167,,22130.150390625,,23716.30078125,37825.25,,,29.139999389648438,,167.61000061035156,90.70999908447266,,,68400.8515625,,,22907.849609375,,88.08090209960938,,25986.0,
2025-12-04,59288.69921875,86.23999786376953,,,12.0600004196167,,22120.75,,23741.099609375,38360.25,,,29.25,,167.25,90.94999694824219,,,68560.796875,,,22958.94921875,,87.12239837646484,,26033.75,
2025-12-05,59777.19921875,85.70999908447266,,,12.069999694824219,,22207.900390625,,23835.25,38703.6484375,,,29.290000915527344,,166.39999389648438,90.95999908447266,,,68709.8515625,,,22947.150390625,,86.83219909667969,,26186.44921875,
2025-12-08,59238.55078125,82.54000091552734,,,11.979999542236328,,21830.0,,23526.19921875,38590.69921875,,,29.139999389648438,,162.52000427246094,89.30000305175781,,,67302.5,,,22640.69921875,,83.87629699707031,,25960.55078125,
2025-12-09,59222.3515625,83.26000213623047,,,11.960000038146973,,21911.0,,23516.25,38130.6015625,,,28.989999771118164,,164.07000732421875,89.5999984741211,,,67704.453125,,,22522.849609375,,84.51789855957031,,25839.650390625,
2025-12-10,58960.3984375,82.55999755859375,,,11.970000267028809,,21707.900390625,,23408.80078125,37789.8984375,,,28.899999618530273,,162.77999877929688,89.69000244140625,,,67572.3984375,,,22561.5,,83.2531967163086,,25758.0,
2025-12-11,59209.8515625,82.97000122070312,,,11.970000267028809,,21893.25,,23550.849609375,38097.0,,,29.1200008392334,,163.92999267578125,89.44000244140625,,,67939.5,,,22783.44921875,,83.6509017944336,,25898.55078125,
2025-12-12,59389.94921875,83.0999984741211,,,12.09000015258789,,22152.099609375,,23726.19921875,38274.75,,,29.290000915527344,,165.27999877929688,89.58000183105469,,,68509.703125,,,22808.69921875,,84.75379943847656,,26046.94921875,
2025-12-15,59461.80078125,83.0,,,12.109999656677246,,22136.80078125,,23725.19921875,38386.30078125,,,29.270000457763672,,165.91000366210938,89.4800033569336,,,68622.453125,,,22719.400390625,,84.7322006225586,,26027.30078125,
2025-12-16,59034.6015625,81.8499984741211,,,12.0,,21966.150390625,,23570.150390625,38062.5,,,28.950000762939453,,164.39999389648438,88.86000061035156,,,68337.203125,,,22591.5,,84.08100128173828,,25860.099609375,
2025-12-17,58926.75,81.04000091552734,,,12.029999732971191,,21846.25,,23496.05078125,38172.05078125,,,28.770000457763672,,163.25999450683594,88.7300033569336,,,68076.8515625,,,22612.150390625,,83.1968002319336,,25818.55078125,
2025-12-18,58912.8515625,80.87999725341797,,,11.989999771118164,,21892.75,,23491.5,38633.3515625,,,28.790000915527344,,162.9499969482422,88.2699966430664,,,67830.25,,,22557.599609375,,83.65480041503906,,25815.55078125,
2025-12-19,59069.19921875,82.51090240478516,,,11.989999771118164,,22146.150390625,,23677.55078125,38691.6015625,,,28.790000915527344,,162.9499969482422,89.3467025756836,,,68378.6484375,,,22751.25,,84.7261962890625,,25966.400390625,
2025-12-22,59304.0,85.0199966430664,,,12.1899995803833,,22328.94921875,,23867.650390625,39488.0,,,28.979999542236328,,167.05999755859375,89.95999908447266,,,68842.75,,,22927.900390625,,85.51069641113281,,26172.400390625,
2025-12-23,59299.55078125,85.22000122070312,,,12.1899995803833,,22353.5,,23895.150390625,39173.69921875,,,28.979999542236328,,167.35000610351562,91.16000366210938,,,69096.296875,,,22875.099609375,,85.89679718017578,,26177.150390625,
2025-12-24,59183.6015625,85.54000091552734,,,12.109999656677246,,22247.349609375,,23850.25,38974.80078125,,,28.959999084472656,,167.25,91.18000030517578,,,68957.25,,,22757.400390625,,85.48809814453125,,26142.099609375,
2025-12-26,59011.3515625,85.30999755859375,,,12.100000381469727,,22190.75,,23780.25,38572.30078125,,,28.920000076293945,,167.07000732421875,91.0999984741211,,,68961.046875,,,22684.650390625,,85.6592025756836,,26042.30078125,
2025-12-29,58932.3515625,84.8499984741211,,,12.079999923706055,,22100.94921875,,23682.099609375,38282.69921875,,,28.84000015258789,,166.1699981689453,90.2699966430664,,,68638.75,,,22578.30078125,,85.50260162353516,,25942.099609375,
2025-12-30,59171.25,84.19000244140625,,,12.079999923706055,,22061.900390625,,23668.80078125,37998.6015625,,,28.93000030517578,,165.92999267578125,90.31999969482422,,,68667.75,,,22540.05078125,,84.76909637451172,,25938.849609375,
2025-12-31,59581.8515625,84.88999938964844,,,12.390000343322754,,22276.900390625,,23871.55078125,37884.05078125,,,29.110000610351562,,167.7100067138672,91.75,,,69364.5,,,22723.650390625,,85.60070037841797,,26129.599609375,
2026-01-01,59711.55078125,84.86000061035156,,,12.399999618530273,,22276.900390625,,23871.55078125,38171.5,,,29.18000030517578,,167.52999877929688,91.94000244140625,,,69675.3984375,,,22723.650390625,,85.7865982055664,,26146.55078125,
2026-01-02,60150.94921875,85.48999786376953,,,12.529999732971191,,22579.05078125,,24099.0,38320.30078125,,,29.3700008392334,,168.85000610351562,94.7300033569336,,,70416.8984375,,,22790.900390625,,86.15660095214844,,26328.55078125,
2026-01-05,60044.19921875,87.2300033569336,,,12.399999618530273,,22555.44921875,,24058.44921875,37771.1484375,,,29.350000381469727,,169.3300018310547,94.9000015258789,,,70413.3984375,,,22743.400390625,,85.23719787597656,,26250.30078125,
2026-01-06,60118.3984375,86.94000244140625,,,12.210000038146973,,22510.599609375,,24010.5,37977.3984375,,,29.299999237060547,,168.8300018310547,94.87000274658203,,,70602.1015625,,,23126.849609375,,84.17479705810547,,26178.69921875,
2026-01-07,59990.8515625,87.56999969482422,,,12.09000015258789,,22606.5,,24016.599609375,38688.80078125,,,29.31999969482422,,169.19000244140625,94.44000244140625,,,70690.6015625,,,23286.25,,83.80000305175781,,26140.75,
2026-01-08,59686.5,86.80000305175781,,,11.75,,22180.55078125,,23680.099609375,37920.30078125,,,29.200000762939453,,166.22000122070312,92.58999633789062,,,69196.1015625,,,22962.55078125,,82.45999908447266,,25876.849609375,
2026-01-09,59251.55078125,86.69000244140625,,,11.800000190734863,,21985.900390625,,23467.349609375,38027.19921875,,,28.899999618530273,,163.47000122070312,92.51000213623047,,,68492.203125,,,22761.0,,81.27999877929688,,25683.30078125,
2026-01-12,59450.5,86.86000061035156,,,11.850000381469727,,21948.849609375,,23510.44921875,37988.25,,,29.0,,162.22000122070312,93.1500015258789,,,68699.046875,,,22668.44921875,,81.30999755859375,,25790.25,
2026-01-13,59578.80078125,85.8499984741211,,,11.789999961853027,,21918.69921875,,23480.650390625,38236.6015625,,,28.989999771118164,,163.0,93.4000015258789,,,68522.0,,,22562.30078125,,80.5999984741211,,25732.30078125,
2026-01-14,59580.1484375,86.0199966430664,,,11.880000114440918,,21965.44921875,,23475.849609375,37822.69921875,,,28.979999542236328,,163.97000122070312,94.55000305175781,,,68786.8984375,,,22505.400390625,,80.81999969482422,,25665.599609375,
2026-01-16,60095.1484375,85.55000305175781,,,11.920000076293945,,21975.099609375,,23485.30078125,39086.6484375,,,29.110000610351562,,163.33999633789062,93.83999633789062,,,68857.8984375,,,22217.05078125,,80.2300033569336,,25694.349609375,
2026-01-19,59891.3515625,85.25,,,11.720000267028809,,21878.44921875,,23373.75,38902.5,,,29.190000534057617,,161.4600067138672,93.23999786376953,,,68693.8984375,,,22136.25,,80.41999816894531,,25585.5,
2026-01-20,59404.19921875,82.86000061035156,,,11.569999694824219,,21334.599609375,,22946.650390625,38101.05078125,,,28.850000381469727,,157.3300018310547,91.72000122070312,,,67110.8984375,,,21714.30078125,,77.62999725341797,,25232.5,
2026-01-21,58800.30078125,81.87999725341797,,,11.569999694824219,,21118.44921875,,22835.150390625,37992.30078125,,,28.600000381469727,,155.82000732421875,91.5199966430664,,,66864.453125,,,21584.400390625,,77.83999633789062,,25157.5,
2026-01-22,59200.1015625,84.08000183105469,,,11.600000381469727,,21376.0,,23008.75,38301.75,,,28.790000915527344,,157.33999633789062,93.41000366210938,,,67592.796875,,,21928.0,,78.0999984741211,,25289.900390625,
2026-01-23,58473.1015625,82.5,,,11.420000076293945,,21008.55078125,,22706.19921875,38238.5,,,28.469999313354492,,154.1999969482422,92.18000030517578,,,66260.546875,,,21722.25,,76.19999694824219,,25048.650390625,
2026-01-27,59205.44921875,83.87000274658203,,,11.539999961853027,,21119.099609375,,22819.25,38566.1015625,,,28.760000228881836,,154.67999267578125,93.41000366210938,,,66696.546875,,,21788.44921875,,76.06999969482422,,25175.400390625,
2026-01-28,59598.80078125,89.6500015258789,,,11.899999618530273,,21460.94921875,,23082.099609375,38725.3515625,,,28.8700008392334,,157.6999969482422,98.08000183105469,,,68205.6484375,,,21739.849609375,,76.75,,25342.75,
2026-01-29,59957.8515625,88.63999938964844,,,12.029999732971191,,21483.650390625,,23134.80078125,38431.30078125,,,29.239999771118164,,157.5399932861328,99.27999877929688,,,68409.75,,,21564.0,,76.05999755859375,,25418.900390625,
2026-01-30,59610.44921875,89.77999877929688,,,11.930000305175781,,21490.900390625,,23079.5,38036.1484375,,,28.950000762939453,,158.38999938964844,98.19000244140625,,,67839.8515625,,,21715.099609375,,76.80000305175781,,25320.650390625,
2026-02-02,58619.0,85.98999786376953,,,11.829999923706055,,21249.349609375,,22837.0,38074.1484375,,,28.65999984741211,,156.44000244140625,95.88999938964844,,,67073.203125,,,21549.55078125,,76.69000244140625,,25088.400390625,
2026-02-03,60041.30078125,87.88999938964844,,,12.020000457763672,,21869.849609375,,23446.30078125,38611.75,,,29.389999389648438,,160.92999267578125,98.01000213623047,,,68849.3984375,,,22200.25,,79.31999969482422,,25727.55078125,
2026-02-04,60238.1484375,87.26000213623047,,,12.300000190734863,,22002.0,,23534.94921875,36345.6484375,,,29.360000610351562,,161.9199981689453,99.91000366210938,,,69298.546875,,,22125.80078125,,80.0199966430664,,25776.0,
2026-02-05,60063.6484375,85.5,,,12.279999732971191,,21931.5,,23411.69921875,36143.30078125,,,29.170000076293945,,160.16000366210938,99.79000091552734,,,68970.3984375,,,22119.900390625,,80.36000061035156,,25642.80078125,
2026-02-06,60120.55078125,85.11000061035156,,,12.350000381469727,,21926.849609375,,23434.0,35611.05078125,,,29.350000381469727,,160.07000732421875,99.81999969482422,,,69058.3984375,,,21961.349609375,,79.91999816894531,,25693.69921875,
2026-02-09,60669.3515625,87.11000061035156,,,12.380000114440918,,22272.0,,23683.400390625,35616.6484375,,,29.40999984741211,,163.8699951171875,99.87999725341797,,,69729.3515625,,,22290.69921875,,80.9000015258789,,25867.30078125,
2026-02-10,60626.3984375,87.45999908447266,,,12.460000038146973,,22359.75,,23753.75,35722.19921875,,,29.579999923706055,,164.85000610351562,100.36000061035156,,,69829.6015625,,,22210.5,,81.52999877929688,,25935.150390625,
2026-02-11,60745.3515625,87.62999725341797,,,12.479999542236328,,22364.400390625,,23783.05078125,35095.1484375,,,29.510000228881836,,164.5800018310547,100.55000305175781,,,70216.546875,,,22434.19921875,,81.45999908447266,,25953.849609375,
2026-02-12,60739.75,88.33000183105469,,,12.319999694824219,,22252.400390625,,23651.55078125,33160.19921875,,,29.399999618530273,,163.80999755859375,100.44000244140625,,,69916.1015625,,,22386.30078125,,81.0199966430664,,25807.19921875,
2026-02-13,60186.6484375,87.45999908447266,,,12.130000114440918,,21884.349609375,,23313.150390625,32681.5,,,29.200000762939453,,161.2100067138672,98.51000213623047,,,68826.75,,,22194.900390625,,79.87999725341797,,25471.099609375,
2026-02-16,60949.1015625,87.69999694824219,,,12.25,,21977.19921875,,23472.44921875,32738.05078125,,,29.559999465942383,,161.0399932861328,100.44999694824219,,,69496.75,,,22403.150390625,,80.62000274658203,,25682.75,
2026-02-17,61174.0,88.9000015258789,,,12.229999542236328,,22039.69921875,,23540.05078125,33075.05078125,,,29.520000457763672,,162.2899932861328,101.05000305175781,,,69868.75,,,22494.900390625,,80.48999786376953,,25725.400390625,
2026-02-18,61550.80078125,89.68000030517578,,,12.3100004196167,,22159.94921875,,23645.80078125,32668.30078125,,,29.639999389648438,,163.10000610351562,100.77999877929688,,,70334.3515625,,,22541.94921875,,80.2300033569336,,25819.349609375,
2026-02-19,60739.55078125,88.22000122070312,,,12.220000267028809,,21813.400390625,,23297.44921875,32319.400390625,,,29.15999984741211,,160.99000549316406,100.31999969482422,,,69028.75,,,22429.099609375,,79.26000213623047,,25454.349609375,
2026-02-20,61172.0,89.02999877929688,,,12.25,,21918.19921875,,23395.0,32004.05078125,,,29.40999984741211,,160.88999938964844,101.62999725341797,,,69453.6484375,,,22452.400390625,,79.16999816894531,,25571.25,
2026-02-23,61264.25,88.4800033569336,,,12.289999961853027,,21882.099609375,,23484.94921875,31550.5,,,29.459999084472656,,161.3699951171875,101.94000244140625,,,69723.1015625,,,22578.55078125,,79.69999694824219,,25713.0,
2026-02-24,61047.30078125,88.0,,,12.350000381469727,,21820.19921875,,23304.599609375,30053.5,,,29.31999969482422,,160.14999389648438,102.66999816894531,,,69778.453125,,,22632.05078125,,80.22000122070312,,25424.650390625,
2026-02-25,61043.3515625,88.75,,,12.319999694824219,,21959.05078125,,23403.80078125,30526.349609375,,,29.40999984741211,,161.50999450683594,103.31999969482422,,,70399.25,,,23051.849609375,,79.19000244140625,,25482.5,
2026-02-26,61187.69921875,90.05000305175781,,,12.430000305175781,,22087.150390625,,23448.5,30554.19921875,,,29.5,,161.63999938964844,103.2699966430664,,,70628.5,,,23301.650390625,,79.05999755859375,,25496.55078125,
2026-02-27,60529.0,89.31999969482422,,,12.399999618530273,,21847.349609375,,23166.849609375,30603.849609375,,,29.110000610351562,,160.22000122070312,102.86000061035156,,,69710.8984375,,,22952.349609375,,77.76000213623047,,25178.650390625,
2026-03-02,59839.6484375,89.83000183105469,,,12.180000305175781,,21476.25,,22835.94921875,30272.94921875,,,28.8700008392334,,157.1199951171875,102.31999969482422,,,68650.25,,,22956.69921875,,75.44000244140625,,24865.69921875,
2026-03-04,58755.25,88.80000305175781,,,11.789999961853027,,21004.94921875,,22409.80078125,30305.30078125,,,28.309999465942383,,153.82000732421875,101.19999694824219,,,66799.3984375,,,22672.19921875,,73.2699966430664,,24480.5,
2026-03-05,59055.8515625,91.16999816894531,,,11.979999542236328,,21326.0,,22697.80078125,30126.80078125,,,28.5,,155.8000030517578,103.30999755859375,,,67722.203125,,,23005.5,,74.26000213623047,,24765.900390625,
2026-03-06,57783.25,93.76000213623047,,,11.979999542236328,,21181.80078125,,22481.30078125,30138.400390625,,,28.5,,155.8000030517578,103.66999816894531,,,67476.6484375,,,22970.19921875,,73.23999786376953,,24450.44921875,
2026-03-09,56019.80078125,91.70999908447266,,,11.65999984741211,,20749.44921875,,22056.55078125,30162.05078125,,,27.110000610351562,,151.9199981689453,102.19999694824219,,,66070.6484375,,,22933.75,,71.04000091552734,,24028.05078125,
2026-03-10,56950.80078125,92.19000244140625,,,11.619999885559082,,21079.75,,22342.94921875,30024.05078125,,,27.6200008392334,,154.82000732421875,102.62000274658203,,,67227.953125,,,23253.650390625,,72.55999755859375,,24261.599609375,
2026-03-11,55735.75,90.72000122070312,,,11.65999984741211,,20839.349609375,,22042.30078125,29651.69921875,,,26.93000030517578,,154.27999877929688,102.87000274658203,,,66498.6484375,,,23348.05078125,,71.91000366210938,,23866.849609375,
2026-03-12,55100.94921875,90.37000274658203,,,11.710000038146973,,20790.900390625,,21897.5,29579.44921875,,,26.510000228881836,,153.88999938964844,104.47000122070312,,,66424.546875,,,23275.19921875,,71.5199966430664,,23639.150390625,
2026-03-13,53757.8515625,87.20999908447266,,,11.470000267028809,,20233.0,,21391.19921875,29071.30078125,,,26.1299991607666,,149.91000366210938,102.55000305175781,,,64691.44921875,,,22832.19921875,,69.38999938964844,,23151.099609375,
2026-03-16,54413.3984375,86.43000030517578,,,11.239999771118164,,20158.44921875,,21498.80078125,29042.55078125,,,26.229999542236328,,149.27999877929688,101.05000305175781,,,64462.30078125,,,22547.19921875,,69.76000213623047,,23408.80078125,
2026-03-17,54876.0,87.94999694824219,,,11.260000228881836,,20366.94921875,,21669.30078125,28760.900390625,,,26.450000762939453,,150.1699981689453,102.26000213623047,,,65021.6015625,,,22597.55078125,,70.1500015258789,,23581.150390625,
2026-03-18,55326.05078125,88.8499984741211,,,11.350000381469727,,20746.80078125,,21917.400390625,29559.30078125,,,26.780000686645508,,152.3300018310547,102.08000183105469,,,65668.5,,,22632.599609375,,71.80000305175781,,23777.80078125,
2026-03-19,53451.0,85.75,,,11.119999885559082,,20108.94921875,,21225.80078125,28579.599609375,,,25.920000076293945,,148.82000732421875,101.12000274658203,,,63573.80078125,,,22101.650390625,,69.43000030517578,,23002.150390625,
2026-03-20,53427.05078125,85.19999694824219,,,11.180000305175781,,20226.900390625,,21327.900390625,29199.599609375,,,25.649999618530273,,149.17999267578125,101.76000213623047,,,63862.30078125,,,22540.69921875,,69.01000213623047,,23114.5,
2026-03-23,51437.75,81.25,,,10.880000114440918,,19445.75,,20664.25,29147.05078125,,,24.889999389648438,,143.66000366210938,99.75,,,61414.8984375,,,22053.099609375,,65.69000244140625,,22512.650390625,
2026-03-24,52605.6484375,82.83999633789062,,,11.029999732971191,,19931.5,,21067.0,29648.900390625,,,25.479999542236328,,146.97000122070312,100.13999938964844,,,62360.69921875,,,22239.80078125,,68.26000213623047,,22912.400390625,
2026-03-25,53708.1015625,83.62000274658203,,,11.100000381469727,,20397.75,,21478.19921875,29671.30078125,,,25.860000610351562,,150.6300048828125,100.51000213623047,,,63620.6015625,,,22679.75,,69.68000030517578,,23306.44921875,
2026-03-27,52274.6015625,80.2699966430664,,,10.9399995803833,,19952.75,,21020.150390625,29541.650390625,,,25.450000762939453,,148.32000732421875,100.37999725341797,,,62043.05078125,,,22565.599609375,,67.20999908447266,,22819.599609375,
2026-03-30,50275.3515625,78.56999969482422,,,10.899999618530273,,19430.900390625,,20528.05078125,29062.599609375,,,24.65999984741211,,143.9499969482422,100.0,,,60349.80078125,,,22232.25,,64.5999984741211,,22331.400390625,
2026-04-01,51448.6484375,84.16999816894531,,,11.069999694824219,,19869.099609375,,20935.150390625,29669.05078125,,,24.959999084472656,,149.1300048828125,101.5199966430664,,,61912.75,,,22011.599609375,,68.2699966430664,,22679.400390625,
2026-04-02,51548.75,83.68000030517578,,,10.989999771118164,,19805.5,,20938.349609375,30441.44921875,,,24.979999542236328,,148.4499969482422,100.81999969482422,,,61957.6015625,,,21808.400390625,,67.87999725341797,,22713.099609375,
2026-04-06,52609.1015625,84.86000061035156,,,10.869999885559082,,20090.599609375,,21194.05078125,30636.55078125,,,25.530000686645508,,149.99000549316406,101.69999694824219,,,62858.94921875,,,21835.349609375,,69.23999786376953,,22968.25,
2026-04-07,52716.25,85.58000183105469,,,10.90999984741211,,20110.900390625,,21296.44921875,31403.349609375,,,25.729999542236328,,150.30999755859375,102.30999755859375,,,63151.05078125,,,21868.69921875,,68.44000244140625,,23123.650390625,
2026-04-08,55703.8984375,88.54000091552734,,,11.3100004196167,,20909.44921875,,22137.099609375,31565.80078125,,,27.15999984741211,,156.07000732421875,102.4000015258789,,,66145.296875,,,21991.19921875,,72.44000244140625,,23997.349609375,
2026-04-09,54821.69921875,89.9000015258789,,,11.229999542236328,,20965.5,,22037.5,31636.19921875,,,26.690000534057617,,156.08999633789062,103.33999633789062,,,66268.6484375,,,22135.400390625,,71.05999755859375,,23775.099609375,
2026-04-10,55912.75,91.01000213623047,,,11.34000015258789,,21300.30078125,,22346.75,31030.599609375,,,27.260000228881836,,158.57000732421875,103.20999908447266,,,67641.25,,,22164.849609375,,72.51000213623047,,24050.599609375,
2026-04-13,55605.05078125,91.41999816894531,,,11.1899995803833,,21177.599609375,,22179.05078125,30669.80078125,,,27.190000534057617,,157.58999633789062,103.44999694824219,,,67123.296875,,,22100.099609375,,71.5999984741211,,23842.650390625,
2026-04-15,56301.94921875,93.70999908447266,,,11.430000305175781,,21644.44921875,,22595.55078125,31539.75,,,27.459999084472656,,161.3699951171875,105.0199966430664,,,68569.3515625,,,22435.650390625,,74.1500015258789,,24231.30078125,
2026-04-16,56086.3984375,95.44000244140625,,,11.430000305175781,,21780.5,,22656.30078125,31817.5,,,27.329999923706055,,162.8000030517578,105.43000030517578,,,69300.6015625,,,22465.0,,74.02999877929688,,24196.75,
2026-04-17,56565.69921875,96.70999908447266,,,11.579999923706055,,22045.19921875,,22869.400390625,31809.849609375,,,27.559999465942383,,165.60000610351562,106.8499984741211,,,70273.796875,,,22497.25,,74.47000122070312,,24353.55078125,
2026-04-20,56582.3515625,96.22000122070312,,,11.59000015258789,,22025.150390625,,22865.80078125,31585.75,,,27.399999618530273,,164.6199951171875,106.93000030517578,,,70341.0,,,22456.75,,74.51000213623047,,24364.849609375,
2026-04-21,57371.44921875,97.12000274658203,,,11.579999923706055,,22141.599609375,,23042.349609375,31729.099609375,,,27.799999237060547,,166.42999267578125,106.5199966430664,,,70824.453125,,,22438.44921875,,75.41999816894531,,24576.599609375,
2026-04-22,57124.44921875,98.33999633789062,,,11.65999984741211,,22191.05078125,,22991.5,30496.25,,,27.729999542236328,,168.0,107.12000274658203,,,71346.203125,,,22455.44921875,,75.33999633789062,,24378.099609375,
2026-04-23,56305.0,98.87999725341797,,,11.550000190734863,,22099.30078125,,22810.849609375,30124.30078125,,,27.309999465942383,,166.69000244140625,106.94999694824219,,,70410.3515625,,,22986.349609375,,73.91999816894531,,24173.05078125,
2026-04-24,56089.75,97.01000213623047,,,11.470000267028809,,21875.94921875,,22570.05078125,28530.599609375,,,27.079999923706055,,165.1300048828125,106.54000091552734,,,69883.953125,,,22580.099609375,,73.19000244140625,,23897.94921875,
2026-04-27,56264.30078125,97.6500015258789,,,11.649999618530273,,22198.44921875,,22821.400390625,29159.150390625,,,27.15999984741211,,168.4199981689453,107.44000244140625,,,70798.6484375,,,23171.849609375,,74.08000183105469,,24092.69921875,
2026-04-28,55400.3515625,97.79000091552734,,,11.84000015258789,,22220.75,,22765.599609375,28959.900390625,,,27.030000686645508,,168.42999267578125,108.5999984741211,,,70568.203125,,,23158.150390625,,73.69999694824219,,23995.69921875,
2026-04-29,55403.6015625,98.87000274658203,,,11.9399995803833,,22212.349609375,,22871.0,29245.25,,,27.030000686645508,,168.9499969482422,108.80999755859375,,,70521.796875,,,23260.849609375,,73.77999877929688,,24177.650390625,
2026-04-30,54863.3515625,98.47000122070312,,,11.880000114440918,,22000.05078125,,22683.55078125,29353.900390625,,,26.670000076293945,,168.63999938964844,108.37000274658203,,,69643.8984375,,,23267.69921875,,73.18000030517578,,23997.55078125,
2026-05-04,54878.5,98.62000274658203,,,11.90999984741211,,22155.5,,22830.75,29076.150390625,,,26.59000015258789,,169.47000122070312,108.01000213623047,,,70283.8515625,,,23475.55078125,,73.66000366210938,,24119.30078125,
2026-05-05,54547.05078125,99.62999725341797,,,11.859999656677246,,22180.25,,22808.25,29107.30078125,,,26.5,,170.10000610351562,107.55000305175781,,,70627.296875,,,23568.94921875,,73.04000091552734,,24032.80078125,
2026-05-06,55981.05078125,100.47000122070312,,,11.899999618530273,,22556.5,,23133.400390625,29267.94921875,,,27.139999389648438,,173.10000610351562,106.69999694824219,,,71691.453125,,,24110.30078125,,75.44999694824219,,24330.94921875,
2026-05-07,56047.3984375,103.56999969482422,,,11.869999885559082,,22804.94921875,,23214.0,29043.5,,,27.31999969482422,,175.9499969482422,106.94000244140625,,,71852.8984375,,,24135.5,,75.55999755859375,,24326.650390625,
2026-05-08,55310.55078125,103.27999877929688,,,11.779999732971191,,22772.400390625,,23115.650390625,29394.19921875,,,27.020000457763672,,175.52999877929688,106.44000244140625,,,71495.6015625,,,24110.30078125,,75.5199966430664,,24176.150390625,
2026-05-11,54439.8984375,101.9800033569336,,,11.520000457763672,,22526.599609375,,22795.75,29329.44921875,,,26.84000015258789,,173.11000061035156,105.51000213623047,,,70297.8515625,,,24170.44921875,,73.4800033569336,,23815.849609375,
2026-05-12,53555.19921875,97.58999633789062,,,11.460000038146973,,21957.650390625,,22299.900390625,28234.900390625,,,26.329999923706055,,168.24000549316406,105.0,,,68586.546875,,,23840.900390625,,70.93000030517578,,23379.55078125,
2026-05-13,53456.1484375,100.0199966430664,,,11.619999885559082,,22096.5,,22377.349609375,27916.650390625,,,26.25,,168.83999633789062,105.47000122070312,,,69166.3984375,,,23896.05078125,,71.7300033569336,,23412.599609375,
2026-05-14,54128.94921875,100.87000274658203,,,11.59000015258789,,22357.150390625,,22613.099609375,27360.349609375,,,26.8700008392334,,168.82000732421875,106.0999984741211,,,69940.296875,,,24551.05078125,,72.13999938964844,,23689.599609375,
2026-05-15,53710.3515625,98.95999908447266,,,11.420000076293945,,22257.94921875,,22531.150390625,27716.900390625,,,26.56999969482422,,168.1199951171875,105.88999938964844,,,69280.25,,,24634.80078125,,72.6500015258789,,23643.5,
2026-05-18,53537.0,98.27999877929688,,,11.300000190734863,,22203.5,,22461.05078125,28389.80078125,,,26.6200008392334,,165.6999969482422,104.68000030517578,,,68618.0,,,24762.849609375,,71.62000274658203,,23649.94921875,
2026-05-19,53409.1484375,97.83999633789062,,,11.350000381469727,,22374.75,,22521.75,29308.0,,,26.420000076293945,,167.6699981689453,104.87999725341797,,,68992.3515625,,,24867.400390625,,71.66000366210938,,23618.0,
2026-05-20,53562.19921875,98.9000015258789,,,11.539999961853027,,22457.400390625,,22578.150390625,29185.150390625,,,26.3799991607666,,168.17999267578125,104.66999816894531,,,69361.546875,,,24843.150390625,,72.13999938964844,,23659.0,
2026-05-21,53439.3984375,100.18000030517578,,,11.529999732971191,,22479.150390625,,22602.849609375,29021.099609375,,,26.360000610351562,,168.97000122070312,104.68000030517578,,,69505.6015625,,,24890.900390625,,72.36000061035156,,23654.69921875,
2026-05-22,54055.3515625,99.80999755859375,,,11.520000457763672,,22504.19921875,,22651.30078125,28912.5,,,26.850000381469727,,168.99000549316406,103.80999755859375,,,69783.046875,,,24573.94921875,,72.3499984741211,,23719.30078125,
2026-05-25,55293.6484375,101.26000213623047,,,11.670000076293945,,22694.349609375,,22929.44921875,28979.849609375,,,27.280000686645508,56.72999954223633,171.10000610351562,103.94999694824219,,,70815.8515625,,,24674.69921875,,73.30999755859375,,24031.69921875,
2026-05-26,55092.8984375,101.44000244140625,,,11.649999618530273,,22795.5,,22897.19921875,28978.5,,,27.209999084472656,56.86000061035156,171.75,103.58000183105469,,,70945.1015625,,,24659.19921875,,73.05000305175781,,23913.69921875,
2026-05-27,54853.8515625,101.75,,,11.619999885559082,,22884.900390625,,22967.400390625,28906.69921875,,,27.020000457763672,56.060001373291016,171.8800048828125,103.98999786376953,,,71957.203125,,,24716.0,,73.4000015258789,,23907.150390625,
2026-05-29,54239.19921875,99.91000366210938,,,11.380000114440918,,22571.400390625,,22657.0,29080.150390625,,,26.780000686645508,55.15999984741211,170.66000366210938,101.69000244140625,,,71073.6484375,,,24345.80078125,,72.58999633789062,,23547.75,
2026-06-01,53643.1015625,97.94999694824219,,,11.34000015258789,,22265.19921875,,22437.94921875,29854.25,,,26.549999237060547,53.88999938964844,169.6300048828125,100.95999908447266,,,69921.8515625,,,24214.25,,71.72000122070312,,23382.599609375,
2026-06-02,53714.6484375,98.86000061035156,,,11.300000190734863,,22305.849609375,,22521.099609375,31116.55078125,,,26.579999923706055,53.880001068115234,170.8800048828125,100.30999755859375,,,70115.796875,,,24006.30078125,,72.3499984741211,,23483.55078125,
2026-06-03,54185.94921875,99.12999725341797,,,11.3100004196167,,22220.5,,22451.849609375,29384.44921875,,,26.549999237060547,53.13999938964844,170.58999633789062,100.62000274658203,,,69856.3984375,,,24086.599609375,,72.41999816894531,,23405.599609375,
2026-06-04,54307.8515625,99.58999633789062,,,11.329999923706055,,22315.94921875,,22497.69921875,29300.599609375,,,26.8799991607666,53.689998626708984,171.4499969482422,101.0199966430664,,,70010.953125,,,24177.94921875,,73.26000213623047,,23416.55078125,
2026-06-05,54496.25,99.55999755859375,,,11.289999961853027,,22251.80078125,,22465.349609375,29010.30078125,,,26.670000076293945,53.029998779296875,171.22000122070312,100.16999816894531,,,70191.953125,,,24248.05078125,,72.87999725341797,,23366.69921875,
2026-06-08,54063.75,98.37999725341797,,,11.109999656677246,,21926.44921875,,22173.69921875,28653.55078125,,,26.530000686645508,52.43000030517578,168.57000732421875,100.13999938964844,,,68975.3984375,,,24147.650390625,,71.5999984741211,,23123.0,
2026-06-09,55194.5,100.0999984741211,,,11.220000267028809,,22216.25,,22370.150390625,28516.25,,,27.0,53.27000045776367,170.86000061035156,99.20999908447266,,,69945.8515625,,,24290.30078125,,72.91999816894531,,23242.099609375,
2026-06-10,55100.30078125,98.87000274658203,,,10.989999771118164,,21920.19921875,,22233.849609375,28279.94921875,,,27.139999389648438,52.310001373291016,168.66000366210938,97.69000244140625,,,69154.703125,,,24160.75,,72.5,,23214.94921875,
2026-06-11,55176.75,96.7699966430664,,,10.960000038146973,,21733.05078125,,22114.44921875,27821.05078125,,,27.260000228881836,51.83000183105469,167.52000427246094,97.05000305175781,,,68378.75,,,24306.94921875,,71.75,,23161.599609375,
2026-06-12,56814.80078125,98.83999633789062,,,11.1899995803833,,22257.900390625,,22599.80078125,27795.75,,,28.049999237060547,53.75,172.1999969482422,96.81999969482422,,,70007.203125,,,24380.05078125,,73.97000122070312,,23622.900390625,
2026-06-15,57198.80078125,100.16999816894531,,,11.329999923706055,,22585.099609375,,22891.30078125,28067.900390625,,,28.270000457763672,55.439998626708984,174.24000549316406,96.94999694824219,,,71685.25,,,24220.099609375,,75.9800033569336,,23853.900390625,
2026-06-16,57297.1484375,100.08999633789062,,,11.4399995803833,,22671.400390625,,22997.25,28568.099609375,,,28.3700008392334,55.47999954223633,175.00999450683594,97.41999816894531,,,71798.6484375,,,24157.849609375,,76.02999877929688,,23989.150390625,
2026-06-17,57585.05078125,104.13999938964844,,,11.460000038146973,,22786.25,,23109.69921875,28809.55078125,,,28.40999984741211,55.15999984741211,176.3800048828125,98.38999938964844,,,72258.5,,,24146.55078125,,76.51000213623047,,24085.69921875,
2026-06-18,57963.80078125,104.4000015258789,,,11.449999809265137,,22893.19921875,,23206.44921875,28466.44921875,,,28.420000076293945,55.68000030517578,177.47000122070312,99.36000061035156,,,72595.953125,,,24282.19921875,,77.58999633789062,,24168.0,
2026-06-19,57685.75,105.30000305175781,,,11.350000381469727,,22972.94921875,,23144.19921875,27426.849609375,,,28.469999313354492,55.7400016784668,178.6300048828125,99.62000274658203,,,72356.6484375,,,24460.30078125,,78.30000305175781,,24013.099609375,
2026-06-22,57935.6015625,106.91999816894531,,,11.4399995803833,,23073.05078125,,23261.849609375,27628.55078125,,,28.530000686645508,56.04999923706055,180.00999450683594,99.55999755859375,,,73073.203125,,,24762.900390625,,79.18000030517578,,24102.900390625,
2026-06-23,57183.75,105.8499984741211,,,11.359999656677246,,22853.55078125,,23010.94921875,27012.05078125,,,28.299999237060547,55.220001220703125,178.3300018310547,98.76000213623047,,,72068.75,,,24989.94921875,,78.62000274658203,,23824.099609375,
2026-06-24,58150.3515625,104.02999877929688,,,11.399999618530273,,22872.5,,23126.30078125,27566.69921875,,,28.850000381469727,54.81999969482422,179.0800018310547,97.87000274658203,,,72060.5,,,25018.94921875,,79.56999969482422,,24021.650390625,
2026-06-25,58177.05078125,103.0,,,11.300000190734863,,22751.05078125,,23113.69921875,27330.849609375,,,28.790000915527344,54.689998626708984,177.91000366210938,96.13999938964844,,,72199.546875,,,24969.5,,79.87999725341797,,24056.0,
2026-06-29,57727.3515625,103.08999633789062,,,11.1899995803833,,22679.650390625,,23000.0,27038.5,,,28.510000228881836,54.79999923706055,177.17999267578125,96.98999786376953,,,71510.296875,,,25227.900390625,,78.83999633789062,,23946.25,
2026-06-30,57542.8984375,104.66999816894531,,,11.210000038146973,,22774.25,,22995.650390625,26299.05078125,,,28.360000610351562,54.630001068115234,178.66000366210938,96.94000244140625,,,71629.453125,,,25326.400390625,,79.80999755859375,,23865.75,
2026-07-01,58033.05078125,104.7699966430664,,,11.239999771118164,,22823.5,,23111.650390625,25769.80078125,,,28.709999084472656,55.70000076293945,179.52999877929688,96.9800033569336,,,72100.6484375,,,25182.69921875,,80.37999725341797,,24005.849609375,
2026-07-02,58031.6484375,105.30000305175781,,,11.289999961853027,,22934.900390625,,23264.80078125,26965.05078125,,,28.760000228881836,55.5,180.67999267578125,97.2699966430664,,,72418.546875,,,25308.900390625,,80.3499984741211,,24175.69921875,
2026-07-03,57938.5,105.25,,,11.319999694824219,,22884.349609375,,23301.150390625,27439.400390625,,,28.809999465942383,55.72999954223633,181.4600067138672,97.41999816894531,,,72268.953125,,,25745.150390625,,80.9000015258789,,24270.849609375,
2026-07-06,58291.5,105.80000305175781,,,11.4399995803833,,22973.349609375,,23433.94921875,27276.44921875,,,28.940000534057617,55.09000015258789,182.14999389648438,97.5999984741211,,,72685.6015625,,,25866.25,,81.48999786376953,,24430.349609375,
2026-07-07,58200.69921875,104.04000091552734,,,11.40999984741211,,22912.30078125,,23368.849609375,27939.150390625,,,28.850000381469727,54.279998779296875,180.5800018310547,96.79000091552734,,,72248.453125,,,25677.69921875,,82.0999984741211,,24398.69921875,
2026-07-08,56742.6015625,102.68000030517578,,,11.1899995803833,,22537.849609375,,22908.05078125,27555.19921875,,,28.0,53.540000915527344,177.25999450683594,95.91999816894531,,,70898.75,,,25429.80078125,,78.94000244140625,,23882.05078125,
2026-07-09,57252.44921875,102.3499984741211,,,11.199999809265137,,22855.75,,23081.150390625,27471.25,,,28.34000015258789,54.83000183105469,180.14999389648438,95.56999969482422,,,71485.8515625,,,25656.25,,80.1500015258789,,23962.80078125,
2026-07-10,58045.8984375,104.2699966430664,,,11.329999923706055,,23166.5,,23348.400390625,28010.400390625,,,28.610000610351562,55.70000076293945,182.60000610351562,96.22000122070312,,,72391.796875,,,25674.099609375,,81.33000183105469,,24206.900390625,
2026-07-13,58131.44921875,103.4800033569336,,,11.329999923706055,,23167.400390625,,23347.05078125,29015.849609375,,,28.700000762939453,55.59000015258789,183.22999572753906,96.77999877929688,,,72111.3984375,,,25643.349609375,,80.94000244140625,,24211.0,
2026-07-14,57462.30078125,102.20999908447266,,,11.25,,23053.599609375,,23199.44921875,28724.75,,,28.43000030517578,55.130001068115234,180.7100067138672,96.55000305175781,,,71851.6015625,,,25907.099609375,,79.80000305175781,,24052.05078125,
2026-07-15,57757.8515625,102.27999877929688,,,11.329999923706055,,23153.400390625,,23263.900390625,28532.25,,,28.469999313354492,55.61000061035156,181.97000122070312,95.91000366210938,,,72148.796875,,,26003.599609375,,80.33000183105469,,24078.5,
2026-07-16,57582.25,101.91000366210938,,,11.34000015258789,,23060.05078125,,23232.650390625,28722.599609375,,,28.559999465942383,54.2599983215332,182.1999969482422,95.52999877929688,,,71896.75,,,26008.05078125,,79.22000122070312,,24072.75,
2026-07-17,58521.3984375,102.41000366210938,,,11.4399995803833,,22967.900390625,,23336.30078125,29226.599609375,,,29.049999237060547,54.189998626708984,181.3000030517578,95.69000244140625,,,71828.3984375,,,25645.0,,79.33000183105469,,24334.30078125,
2026-07-20,57945.0,102.62000274658203,,,11.510000228881836,,23086.0,,23338.05078125,29161.900390625,,,28.440000534057617,54.47999954223633,181.41000366210938,96.7699966430664,,,72460.046875,,,26003.150390625,,79.08999633789062,,24238.5,
2026-07-21,57835.3515625,103.55000305175781,,,11.460000038146973,,23170.5,,23352.150390625,28984.400390625,,,28.43000030517578,54.220001220703125,182.1699981689453,96.72000122070312,,,72777.1015625,,,26092.849609375,,79.30999755859375,,24187.69921875,
2026-07-22,57126.80078125,103.27999877929688,,,11.380000114440918,,22925.55078125,,23145.05078125,28549.849609375,,,28.059999465942383,53.65999984741211,180.1199951171875,96.76000213623047,,,72296.6484375,,,25752.25,,78.11000061035156,,23996.25,
2026-07-23,56592.0,102.86000061035156,,,11.279999732971191,,22705.25,,22982.400390625,28533.55078125,,,27.829999923706055,52.959999084472656,178.08999633789062,96.75,,,71840.453125,,,25653.55078125,,77.2300033569336,,23869.599609375,
2026-07-24,56693.5,102.55000305175781,,,11.239999771118164,,22685.25,,22913.30078125,28767.94921875,,,27.860000610351562,52.810001373291016,177.5800018310547,96.2300033569336,,,71766.0,,,25548.150390625,,77.30000305175781,,23767.44921875,
2026-07-27,57087.19921875,103.30999755859375,,,11.270000457763672,,22933.05078125,,23153.099609375,29441.900390625,,,27.920000076293945,53.13999938964844,179.94000244140625,96.05999755859375,,,72596.8515625,,,25945.75,,78.80999755859375,,23995.94921875,
2026-07-28,56755.6015625,101.30000305175781,,,11.239999771118164,,22931.44921875,,23114.900390625,30418.349609375,,,27.770000457763672,52.86000061035156,179.05999755859375,94.2699966430664,,,72087.453125,,,25998.849609375,,78.69999694824219,,23985.349609375,
2026-07-29,57205.8984375,101.16000366210938,,,11.239999771118164,,23123.69921875,,23352.599609375,31123.099609375,,,28.110000610351562,53.099998474121094,181.22000122070312,94.02999877929688,,,72626.546875,,,26373.349609375,,79.3499984741211,,24250.19921875,
2026-07-30,57147.5,100.7300033569336,,,11.300000190734863,,23031.25,,23353.55078125,31194.55078125,,,28.059999465942383,52.650001525878906,179.85000610351562,94.58000183105469,,,72698.953125,,,26346.05078125,,78.68000030517578,,24317.150390625,
2026-07-31,57264.8515625,102.33999633789062,,,11.420000076293945,,23138.44921875,,23460.69921875,30708.94921875,,,28.09000015258789,53.380001068115234,180.6699981689453,94.91000366210938,,,73651.296875,,,26534.80078125,,78.41000366210938,,24383.599609375,
2026-08-03,58247.94921875,102.9800033569336,,,11.449999809265137,,23418.94921875,,23802.849609375,31715.25,,,28.389999389648438,52.7599983215332,183.3800048828125,94.88999938964844,,,74608.703125,,,26662.80078125,,80.33000183105469,,24774.30078125,
2026-08-04,57907.19921875,103.06999969482422,,,11.359999656677246,,23347.75,,23690.150390625,31454.150390625,,,28.280000686645508,53.040000915527344,183.2899932861328,94.62000274658203,,,74210.546875,,,26597.5,,80.12000274658203,,24614.900390625,
2026-08-05,57739.94921875,102.97000122070312,,,11.270000457763672,,23403.44921875,,23735.55078125,31404.05078125,,,28.25,52.779998779296875,185.10000610351562,94.73999786376953,,,74469.953125,,,26563.55078125,,81.1500015258789,,24624.650390625,
2026-08-06,58063.6484375,106.0999984741211,,,11.5,,23310.55078125,,23729.44921875,31106.25,,,28.25,52.61000061035156,185.47000122070312,94.20999908447266,,,74526.75,,,26564.80078125,,80.44999694824219,,24636.0,
2026-08-07,57746.44921875,106.7699966430664,,,11.470000267028809,,23362.900390625,,23712.099609375,31547.69921875,,,27.920000076293945,52.43000030517578,184.88999938964844,94.2699966430664,,,74697.546875,,,26541.80078125,,80.9800033569336,,24570.650390625,
2026-08-10,57686.94921875,105.73999786376953,,,11.430000305175781,,23470.900390625,,23743.19921875,31631.44921875,,,28.079999923706055,53.15999984741211,184.63999938964844,93.80000305175781,,,74766.8515625,,,26479.55078125,,80.8499984741211,,24583.80078125,
2026-08-11,57446.25,105.16999816894531,,,11.40999984741211,,23459.80078125,,23681.150390625,31823.150390625,,,27.920000076293945,53.5099983215332,184.9499969482422,93.83999633789062,,,74650.8515625,,,26750.44921875,,80.4000015258789,,24471.69921875,
2026-08-12,57885.8515625,105.69999694824219,,,11.420000076293945,,23521.5,,23672.44921875,31332.55078125,,,28.0,53.63999938964844,184.44000244140625,93.86000061035156,,,74748.1015625,,,26762.5,,80.13999938964844,,24435.94921875,
2026-08-13,57635.25,107.45999908447266,,,11.380000114440918,,23539.349609375,,23658.099609375,31453.900390625,,,27.90999984741211,53.720001220703125,185.2100067138672,94.37000274658203,,,74726.6484375,,,26686.80078125,,80.16999816894531,,24395.849609375,
2026-08-14,57491.1015625,107.63999938964844,,,11.369999885559082,,23420.0,,23594.900390625,31357.75,,,27.81999969482422,53.2599983215332,184.63999938964844,93.8499984741211,,,74486.546875,,,26445.55078125,,80.18000030517578,,24366.0,
2026-08-17,57497.80078125,108.22000122070312,,,11.420000076293945,,23454.94921875,,23564.44921875,30807.80078125,,,28.059999465942383,53.599998474121094,185.1999969482422,93.76000213623047,,,74474.1015625,,,26341.55078125,,80.29000091552734,,24287.650390625,
2026-08-18,57262.3984375,109.69999694824219,,,11.390000343322754,,23364.900390625,,23472.400390625,30213.44921875,,,27.84000015258789,53.36000061035156,184.77999877929688,93.98999786376953,,,74308.8984375,,,26361.900390625,,79.80999755859375,,24154.900390625,
2026-08-19,57239.75,107.94999694824219,,,11.329999923706055,,23305.599609375,,23386.19921875,30433.05078125,,,27.770000457763672,53.43000030517578,184.14999389648438,93.13999938964844,,,73900.6484375,,,26313.80078125,,79.44000244140625,,24078.30078125,
2026-08-20,57495.8984375,107.43000030517578,,,11.369999885559082,,23388.80078125,,23512.94921875,30673.05078125,,,27.979999542236328,54.13999938964844,185.25,93.54000091552734,,,74194.1484375,,,26416.0,,79.58999633789062,,24231.849609375,
2026-08-21,57761.94921875,108.0999984741211,,,11.319999694824219,,23407.69921875,,23530.30078125,30532.25,,,28.110000610351562,54.439998626708984,185.38999938964844,94.2699966430664,,,73992.1015625,,,26359.75,,79.30000305175781,,24252.0,
2026-08-24,57525.94921875,107.02999877929688,,,11.329999923706055,,23423.69921875,,23511.75,30596.900390625,,,27.979999542236328,54.900001525878906,185.17999267578125,94.06999969482422,,,74022.3984375,,,26339.30078125,,79.33000183105469,,24219.05078125,
2026-08-25,57514.19921875,107.2300033569336,,,11.350000381469727,,23528.94921875,,23611.599609375,30771.80078125,,,27.969999313354492,55.29999923706055,185.2100067138672,93.77999877929688,,,74508.8984375,,,26564.0,,79.83999633789062,,24334.55078125,
2026-08-26,57783.75,107.30000305175781,,,11.319999694824219,,23532.19921875,,23559.19921875,30318.849609375,,,28.18000030517578,55.810001373291016,186.3800048828125,93.19000244140625,,,74501.046875,,,26626.30078125,,79.91999816894531,,24207.75,
2026-08-27,57509.94921875,107.30999755859375,,,11.260000228881836,,23508.30078125,,23482.0,30221.150390625,,,28.34000015258789,55.029998779296875,185.5800018310547,92.58999633789062,,,74347.453125,,,26848.75,,79.38999938964844,,24090.849609375,
2026-08-28,57496.30078125,106.8499984741211,,,11.229999542236328,,23507.150390625,,23528.55078125,31281.69921875,,,28.31999969482422,55.38999938964844,186.5,92.76000213623047,,,74159.1484375,,,26991.849609375,,78.69999694824219,,24175.650390625,
2026-08-31,58024.94921875,106.58999633789062,,,11.220000267028809,,23536.80078125,,23450.349609375,31191.44921875,,,28.260000228881836,54.72999954223633,185.36000061035156,92.58000183105469,,,73759.703125,,,27186.44921875,,78.06999969482422,,24080.400390625,
2026-09-01,57409.6015625,105.72000122070312,,,11.270000457763672,,23252.69921875,,23339.900390625,31496.69921875,,,28.139999389648438,53.93000030517578,185.64999389648438,92.52999877929688,,,72874.75,,,26792.650390625,,77.30000305175781,,24055.80078125,
2026-09-02,57172.0,105.13999938964844,,,11.300000190734863,,23114.75,,23222.80078125,31102.900390625,,,28.18000030517578,53.54999923706055,184.1300048828125,93.63999938964844,,,72947.453125,,,26780.69921875,,77.0,,23914.44921875,
2026-09-03,57380.6015625,106.05000305175781,,,11.329999923706055,,23220.5,,23254.05078125,30838.849609375,,,28.309999465942383,53.79999923706055,186.25999450683594,93.56999969482422,,,73051.8515625,,,26658.650390625,,77.88999938964844,,23873.44921875,
2026-09-04,57369.6484375,107.13999938964844,,,11.369999885559082,,23168.349609375,,23254.150390625,30695.150390625,,,28.389999389648438,54.5,186.64999389648438,93.69999694824219,,,72880.8984375,,,26478.099609375,,77.73999786376953,,23897.69921875,
2026-09-07,57088.30078125,107.23999786376953,,,11.260000228881836,,23062.25,,23156.19921875,29995.19921875,,,28.25,54.81999969482422,186.72999572753906,93.47000122070312,,,72575.75,,,26675.5,,77.37000274658203,,23779.150390625,
2026-09-08,56777.55078125,109.72000122070312,,,11.210000038146973,,23089.94921875,,23106.099609375,29883.5,,,28.040000915527344,54.52000045776367,186.57000732421875,94.2300033569336,,,72950.6484375,,,26880.80078125,,77.48999786376953,,23635.099609375,
2026-09-09,56295.55078125,108.87000274658203,,,11.239999771118164,,22990.94921875,,22958.75,28914.0,,,27.889999389648438,53.9900016784668,185.4600067138672,94.79000091552734,,,72853.8515625,,,26691.80078125,,77.19000244140625,,23431.5,
2026-09-10,56471.94921875,107.62000274658203,,,11.170000076293945,,22904.25,,22952.349609375,28890.900390625,,,27.739999771118164,53.630001068115234,186.25,94.77999877929688,,,72530.8984375,,,26555.849609375,,76.58000183105469,,23477.80078125,
2026-09-11,56606.55078125,106.7300033569336,,,11.170000076293945,,22847.849609375,,22866.5,28921.5,,,27.940000534057617,53.9900016784668,185.1699981689453,93.88999938964844,,,72083.703125,,,26532.400390625,,76.8499984741211,,23398.099609375,
2026-09-15,55794.75,100.76000213623047,,,11.0,,22358.80078125,,22477.44921875,29555.30078125,,,27.760000228881836,52.849998474121094,180.8300018310547,92.04000091552734,,,70281.1484375,,,26188.400390625,,75.2699966430664,,23118.599609375,
2026-09-16,56292.44921875,100.5199966430664,,,11.0600004196167,,22368.80078125,,22532.0,29087.650390625,,,27.799999237060547,52.56999969482422,181.05999755859375,92.31999969482422,,,70368.6015625,,,26146.19921875,,75.0199966430664,,23217.599609375,
2026-09-17,56055.75,101.87000274658203,,,11.020000457763672,,22568.849609375,,22654.650390625,29155.599609375,,,27.739999771118164,53.099998474121094,181.89999389648438,92.29000091552734,,,71144.0,,,26579.25,,76.52999877929688,,23270.599609375,
2026-09-18,56358.69921875,103.27999877929688,,,11.140000343322754,,22901.849609375,,22840.55078125,28854.55078125,,,27.829999923706055,53.58000183105469,184.5500030517578,92.58000183105469,,,72025.3984375,,,26710.099609375,,77.94999694824219,,23346.400390625,
2026-09-21,56470.6484375,103.2699966430664,9543.650390625,31562.650390625,11.1899995803833,9058.2001953125,22816.80078125,853.8499755859375,22860.05078125,28830.900390625,45900.8984375,8312.400390625,27.8700008392334,52.93000030517578,184.22999572753906,92.72000122070312,11509.2998046875,30061.5,72083.953125,1555.949951171875,12972.7001953125,27021.150390625,25524.69921875,78.01000213623047,27151.099609375,23414.30078125,37818.55078125
